source_id,species_common,species_scientific,quality_grade,type_label,latitude,longitude,country
1000132,White-breasted Waterhen,Amaurornis phoenicurus,A,song,30.2564,120.0318,China
1000900,White-breasted Waterhen,Amaurornis phoenicurus,A,song,30.2663,120.0832,China
1002657,Asian Koel,Eudynamys scolopaceus,A,call,31.1741,121.4214,China
1002930,Spotted Dove,Spilopelia chinensis,A,song,31.1741,121.4214,China
1002977,Collared Kingfisher,Todiramphus chloris,B,call,13.4875,100.363,Thailand
1002981,Coppersmith Barbet,Psilopogon haemacephalus,A,song,13.7137,100.5217,Thailand
1003535,Spotted Dove,Spilopelia chinensis,A,song,13.7287,100.5542,Thailand
1003536,White-breasted Waterhen,Amaurornis phoenicurus,A,call,13.7287,100.5542,Thailand
1003556,Collared Kingfisher,Todiramphus chloris,B,call,13.4875,100.363,Thailand
1003558,Collared Kingfisher,Todiramphus chloris,A,call,13.4875,100.363,Thailand
1003831,Asian Koel,Eudynamys scolopaceus,A,call,31.1741,121.4214,China
1004381,Common Tailorbird,Orthotomus sutorius,C,song,13.7137,100.5217,Thailand
1004382,Common Tailorbird,Orthotomus sutorius,C,song,13.7137,100.5217,Thailand
1004728,Olive-backed Sunbird,Cinnyris jugularis,B,song,13.7768,100.321,Thailand
1005485,Asian Koel,Eudynamys scolopaceus,A,call,13.7137,100.5217,Thailand
1005522,Collared Kingfisher,Todiramphus chloris,B,call,13.4875,100.363,Thailand
1005524,Collared Kingfisher,Todiramphus chloris,A,call,13.4875,100.363,Thailand
1005526,Collared Kingfisher,Todiramphus chloris,A,call,13.4875,100.363,Thailand
1005528,Collared Kingfisher,Todiramphus chloris,A,call,13.4875,100.363,Thailand
1005530,Collared Kingfisher,Todiramphus chloris,A,call,13.4875,100.363,Thailand
1005532,Collared Kingfisher,Todiramphus chloris,A,call,13.4875,100.363,Thailand
1005533,Collared Kingfisher,Todiramphus chloris,A,call,13.4875,100.363,Thailand
1005668,Common Tailorbird,Orthotomus sutorius,B,song,24.7977,110.5102,China
1005908,Coppersmith Barbet,Psilopogon haemacephalus,B,call,8.1758,126.2288,Philippines
1006365,Coppersmith Barbet,Psilopogon haemacephalus,A,song,13.8248,100.8817,Thailand
1006537,White-breasted Waterhen,Amaurornis phoenicurus,A,call,13.8248,100.8817,Thailand
1006540,Common Tailorbird,Orthotomus sutorius,C,song,13.7137,100.5217,Thailand
1006786,Asian Koel,Eudynamys scolopaceus,A,song,8.2575,126.1493,Philippines
1006787,Asian Koel,Eudynamys scolopaceus,B,song,8.2575,126.1493,Philippines
1008079,Coppersmith Barbet,Psilopogon haemacephalus,A,song,13.7137,100.5217,Thailand
1009636,Coppersmith Barbet,Psilopogon haemacephalus,B,song,14.15,121.232,Philippines
1011129,Common Iora,Aegithina tiphia,C,other,16.565,80.619,India
1011131,Common Iora,Aegithina tiphia,C,other,16.565,80.619,India
1016030,Olive-backed Sunbird,Cinnyris jugularis,B,song,5.812,116.3389,Malaysia
1016073,Coppersmith Barbet,Psilopogon haemacephalus,C,song,,,Philippines
1019748,Spotted Dove,Spilopelia chinensis,A,song,30.2125,119.6327,China
1019750,Spotted Dove,Spilopelia chinensis,A,song,30.2125,119.6327,China
1019752,Spotted Dove,Spilopelia chinensis,A,song,30.2125,119.6327,China
1027177,White-breasted Waterhen,Amaurornis phoenicurus,B,song,30.3442,119.9324,China
1027230,Large-tailed Nightjar,Caprimulgus macrurus,B,song,-1.131,136.1355,Indonesia
1029034,Asian Koel,Eudynamys scolopaceus,A,song,24.1501,92.0274,India
102911,White-breasted Waterhen,Amaurornis phoenicurus,B,call,-8.382,123.3859,Indonesia
102912,White-breasted Waterhen,Amaurornis phoenicurus,B,call,-8.382,123.3859,Indonesia
1029676,Common Iora,Aegithina tiphia,C,call,19.9062,73.8243,India
1030459,White-breasted Waterhen,Amaurornis phoenicurus,B,call,29.1309,79.2906,India
1030461,White-breasted Waterhen,Amaurornis phoenicurus,A,call,27.1767,77.5219,India
1030462,White-breasted Waterhen,Amaurornis phoenicurus,A,call,27.1767,77.5219,India
1030707,Common Tailorbird,Orthotomus sutorius,B,song,29.3734,78.0379,India
1030709,Common Tailorbird,Orthotomus sutorius,A,call,26.402,74.546,India
1030894,Spotted Dove,Spilopelia chinensis,A,song,29.1309,79.2906,India
1030898,Spotted Dove,Spilopelia chinensis,A,song,29.4158,79.327,India
1031057,White-breasted Waterhen,Amaurornis phoenicurus,A,call,1.277,103.792,Singapore
1032011,Large-tailed Nightjar,Caprimulgus macrurus,A,song,1.3131,103.8137,Singapore
1035372,Spotted Dove,Spilopelia chinensis,A,song,24.2431,120.8696,Taiwan
1041026,Asian Koel,Eudynamys scolopaceus,A,other,12.7161,102.197,Thailand
1046270,Spotted Dove,Spilopelia chinensis,B,song,1.3267,103.8431,Singapore
1049153,White-breasted Waterhen,Amaurornis phoenicurus,A,song,,,China
1050124,Coppersmith Barbet,Psilopogon haemacephalus,A,call,7.8945,80.7,Sri Lanka
105148,White-breasted Waterhen,Amaurornis phoenicurus,B,song,-8.292,124.7214,Indonesia
1051597,Collared Kingfisher,Todiramphus chloris,B,call,1.448,103.728,Singapore
1062730,Spotted Dove,Spilopelia chinensis,A,song,1.348,103.7491,Singapore
1063688,Large-tailed Nightjar,Caprimulgus macrurus,A,call,3.1993,101.5946,Malaysia
1067106,Olive-backed Sunbird,Cinnyris jugularis,B,call,12.7161,102.197,Thailand
1067842,White-breasted Waterhen,Amaurornis phoenicurus,B,call,1.4168,103.7287,Singapore
1069336,Coppersmith Barbet,Psilopogon haemacephalus,B,song,13.7287,100.5542,Thailand
1069346,Coppersmith Barbet,Psilopogon haemacephalus,B,song,13.7137,100.5217,Thailand
1070498,Olive-backed Sunbird,Cinnyris jugularis,A,song,12.7161,102.197,Thailand
1070586,Large-tailed Nightjar,Caprimulgus macrurus,A,song,21.6181,108.3441,China
1070587,Large-tailed Nightjar,Caprimulgus macrurus,A,song,21.6181,108.3441,China
1071357,White-throated Kingfisher,Halcyon smyrnensis,A,call,5.4748,100.4231,Malaysia
1071405,Asian Koel,Eudynamys scolopaceus,A,call,6.6476,100.2826,Malaysia
1071730,Large-tailed Nightjar,Caprimulgus macrurus,A,song,12.811,99.563,Thailand
1073299,Olive-backed Sunbird,Cinnyris jugularis,A,call,13.4124,100.9843,Thailand
1073418,White-breasted Waterhen,Amaurornis phoenicurus,A,call,12.8067,99.4985,Thailand
1073421,Large-tailed Nightjar,Caprimulgus macrurus,B,call,12.811,99.563,Thailand
107387,White-throated Kingfisher,Halcyon smyrnensis,B,song,11.5289,109.059,Vietnam
1074030,Coppersmith Barbet,Psilopogon haemacephalus,C,song,7.0237,125.3778,Philippines
1075507,Large-tailed Nightjar,Caprimulgus macrurus,B,call,1.357,103.7719,Singapore
1075897,Collared Kingfisher,Todiramphus chloris,B,call,-1.4351,120.3067,Indonesia
1075899,Collared Kingfisher,Todiramphus chloris,A,call,0.5667,123.9026,Indonesia
1077751,Large-tailed Nightjar,Caprimulgus macrurus,A,song,2.3383,111.8058,Malaysia
1078104,White-throated Kingfisher,Halcyon smyrnensis,A,song,1.2788,103.8644,Singapore
1079695,Olive-backed Sunbird,Cinnyris jugularis,A,call,24.3422,109.4425,China
1080608,Olive-backed Sunbird,Cinnyris jugularis,A,song,12.885,99.6317,Thailand
109957,Olive-backed Sunbird,Cinnyris jugularis,B,call,2.5298,101.8051,Malaysia
113335,Asian Koel,Eudynamys scolopaceus,A,song,33.6145,107.5433,China
115903,White-throated Kingfisher,Halcyon smyrnensis,B,song,26.7944,91.5032,India
117091,White-throated Kingfisher,Halcyon smyrnensis,B,call,28.464,76.893,India
121824,Collared Kingfisher,Todiramphus chloris,C,song,-9.643,119.683,Indonesia
122982,Coppersmith Barbet,Psilopogon haemacephalus,C,call,22.537,88.3395,India
124350,Common Iora,Aegithina tiphia,B,song,13.9667,104.8833,Cambodia
124365,Large-tailed Nightjar,Caprimulgus macrurus,B,call,13.9144,104.5538,Cambodia
124367,Large-tailed Nightjar,Caprimulgus macrurus,B,song,13.9144,104.5538,Cambodia
124434,White-breasted Waterhen,Amaurornis phoenicurus,B,call,13.2289,103.6251,Cambodia
125392,White-throated Kingfisher,Halcyon smyrnensis,B,call,22.456,88.404,India
125847,Common Iora,Aegithina tiphia,B,song,22.456,88.404,India
126377,Common Iora,Aegithina tiphia,B,song,11.3473,107.1501,Vietnam
133013,Asian Koel,Eudynamys scolopaceus,A,song,26.7077,89.5603,India
142516,Coppersmith Barbet,Psilopogon haemacephalus,C,call,33.7201,73.1137,Pakistan
144356,Large-tailed Nightjar,Caprimulgus macrurus,B,song,1.4184,103.9385,Singapore
149307,Common Tailorbird,Orthotomus sutorius,A,call,21.5834,77.3334,India
149687,Coppersmith Barbet,Psilopogon haemacephalus,C,song,21.168,70.601,India
149689,Common Tailorbird,Orthotomus sutorius,A,call,21.168,70.601,India
150420,Olive-backed Sunbird,Cinnyris jugularis,B,song,-8.5275,115.2632,Indonesia
150431,Common Iora,Aegithina tiphia,B,song,-8.4923,115.2652,Indonesia
150690,Common Iora,Aegithina tiphia,B,call,6.3717,116.4459,Malaysia
150717,White-breasted Waterhen,Amaurornis phoenicurus,B,call,5.8758,116.0957,Malaysia
150891,Common Iora,Aegithina tiphia,B,call,5.482,118.2376,Malaysia
151134,Collared Kingfisher,Todiramphus chloris,B,call,6.7162,116.3445,Malaysia
151135,Collared Kingfisher,Todiramphus chloris,B,call,6.7162,116.3445,Malaysia
151136,Collared Kingfisher,Todiramphus chloris,B,call,6.7162,116.3445,Malaysia
151209,Large-tailed Nightjar,Caprimulgus macrurus,B,call,4.6509,101.0566,Malaysia
151210,Large-tailed Nightjar,Caprimulgus macrurus,B,call,4.6509,101.0566,Malaysia
151304,Common Iora,Aegithina tiphia,B,call,4.4724,101.1674,Malaysia
151312,Common Iora,Aegithina tiphia,B,call,5.4521,100.4519,Malaysia
151342,White-breasted Waterhen,Amaurornis phoenicurus,B,call,4.9327,100.4593,Malaysia
151642,Collared Kingfisher,Todiramphus chloris,B,call,-8.7868,115.2218,Indonesia
151815,Collared Kingfisher,Todiramphus chloris,B,call,1.5675,125.1595,Indonesia
152005,Collared Kingfisher,Todiramphus chloris,B,call,0.5126,123.9109,Indonesia
152652,White-breasted Waterhen,Amaurornis phoenicurus,B,call,-8.7312,115.2357,Indonesia
152653,Collared Kingfisher,Todiramphus chloris,A,call,-8.7312,115.2357,Indonesia
153788,Common Iora,Aegithina tiphia,B,song,-8.7868,115.2218,Indonesia
154583,Coppersmith Barbet,Psilopogon haemacephalus,B,song,12.7989,99.4539,Thailand
155937,Large-tailed Nightjar,Caprimulgus macrurus,B,song,-4.1337,138.7087,Indonesia
156228,White-breasted Waterhen,Amaurornis phoenicurus,B,song,24.3791,124.172,Japan
156229,White-breasted Waterhen,Amaurornis phoenicurus,B,song,24.3791,124.172,Japan
158456,Large-tailed Nightjar,Caprimulgus macrurus,B,song,4.39,102.4,Malaysia
161163,Coppersmith Barbet,Psilopogon haemacephalus,B,call,15.5886,73.8765,India
161188,Coppersmith Barbet,Psilopogon haemacephalus,B,call,15.5886,73.8765,India
161191,Asian Koel,Eudynamys scolopaceus,A,call,15.5886,73.8765,India
161194,Asian Koel,Eudynamys scolopaceus,A,call,15.5886,73.8765,India
161195,Asian Koel,Eudynamys scolopaceus,A,call,15.5886,73.8765,India
161197,Asian Koel,Eudynamys scolopaceus,A,call,15.5886,73.8765,India
161198,Asian Koel,Eudynamys scolopaceus,A,call,15.5886,73.8765,India
161199,Asian Koel,Eudynamys scolopaceus,A,call,15.5886,73.8765,India
161223,White-throated Kingfisher,Halcyon smyrnensis,B,call,15.5886,73.8765,India
161258,Spotted Dove,Spilopelia chinensis,A,call,15.5886,73.8765,India
161259,Common Tailorbird,Orthotomus sutorius,A,call,15.5886,73.8765,India
161260,Common Tailorbird,Orthotomus sutorius,A,call,15.5886,73.8765,India
161431,Asian Koel,Eudynamys scolopaceus,A,call,15.5886,73.8765,India
161439,Coppersmith Barbet,Psilopogon haemacephalus,B,call,15.5886,73.8765,India
161477,Common Iora,Aegithina tiphia,A,call,15.5886,73.8765,India
161968,Asian Koel,Eudynamys scolopaceus,A,call,15.5886,73.8765,India
162210,Coppersmith Barbet,Psilopogon haemacephalus,B,call,15.5886,73.8765,India
162827,Asian Koel,Eudynamys scolopaceus,A,call,15.5886,73.8765,India
162828,Asian Koel,Eudynamys scolopaceus,A,call,15.5886,73.8765,India
162859,White-throated Kingfisher,Halcyon smyrnensis,B,call,15.5886,73.8765,India
164345,Coppersmith Barbet,Psilopogon haemacephalus,C,call,15.1951,120.5118,Philippines
164666,Common Iora,Aegithina tiphia,B,call,10.198,118.912,Philippines
164689,Collared Kingfisher,Todiramphus chloris,A,call,10.198,118.912,Philippines
164692,Collared Kingfisher,Todiramphus chloris,A,call,10.198,118.912,Philippines
164693,Collared Kingfisher,Todiramphus chloris,A,call,10.198,118.912,Philippines
164811,Coppersmith Barbet,Psilopogon haemacephalus,B,song,7.076,125.3016,Philippines
166134,Coppersmith Barbet,Psilopogon haemacephalus,C,song,21.5834,77.3334,India
166251,Asian Koel,Eudynamys scolopaceus,A,call,15.5886,73.8765,India
166758,Olive-backed Sunbird,Cinnyris jugularis,B,call,6.1478,118.0525,Malaysia
166760,Olive-backed Sunbird,Cinnyris jugularis,B,song,6.1478,118.0525,Malaysia
166850,Collared Kingfisher,Todiramphus chloris,C,call,-8.3235,116.4012,Indonesia
166851,Collared Kingfisher,Todiramphus chloris,A,call,-8.3235,116.4012,Indonesia
168313,Large-tailed Nightjar,Caprimulgus macrurus,B,call,21.564,88.8911,India
171263,Common Tailorbird,Orthotomus sutorius,A,call,11.6838,77.5085,India
171754,Large-tailed Nightjar,Caprimulgus macrurus,B,call,2.1881,102.2453,Malaysia
174985,Common Iora,Aegithina tiphia,B,call,21.5848,71.3117,India
175830,Asian Koel,Eudynamys scolopaceus,A,call,1.3545,103.7724,Singapore
177320,Collared Kingfisher,Todiramphus chloris,C,call,9.8786,98.6021,Thailand
177321,Collared Kingfisher,Todiramphus chloris,C,call,9.8786,98.6021,Thailand
179229,Asian Koel,Eudynamys scolopaceus,A,call,23.3314,85.3193,India
179372,Collared Kingfisher,Todiramphus chloris,A,call,14.6434,120.9889,Philippines
179374,Collared Kingfisher,Todiramphus chloris,B,call,14.6434,120.9889,Philippines
181238,Collared Kingfisher,Todiramphus chloris,A,song,9.1062,122.9877,Philippines
181242,Collared Kingfisher,Todiramphus chloris,A,song,9.8797,122.3745,Philippines
181991,Asian Koel,Eudynamys scolopaceus,A,song,6.3161,81.483,Sri Lanka
181992,Asian Koel,Eudynamys scolopaceus,A,song,6.3161,81.483,Sri Lanka
181995,White-throated Kingfisher,Halcyon smyrnensis,B,call,6.3161,81.483,Sri Lanka
182810,Asian Koel,Eudynamys scolopaceus,A,song,31.9165,114.2253,China
183208,Spotted Dove,Spilopelia chinensis,B,call,6.3161,81.483,Sri Lanka
183486,Common Tailorbird,Orthotomus sutorius,A,song,5.7999,101.8323,Thailand
184289,Common Iora,Aegithina tiphia,B,call,15.3622,73.8918,India
184706,White-throated Kingfisher,Halcyon smyrnensis,B,call,15.6127,74.0647,India
185648,Spotted Dove,Spilopelia chinensis,B,song,14.5093,101.9353,Thailand
186559,Collared Kingfisher,Todiramphus chloris,B,call,5.8664,117.9506,Malaysia
187028,Coppersmith Barbet,Psilopogon haemacephalus,B,call,23.5362,87.3451,India
187429,Common Iora,Aegithina tiphia,A,song,15.3622,73.8918,India
187664,White-throated Kingfisher,Halcyon smyrnensis,B,call,23.5341,87.3444,India
188426,White-breasted Waterhen,Amaurornis phoenicurus,A,call,15.2087,74.1258,India
189108,Common Iora,Aegithina tiphia,B,song,18.3802,73.7679,India
189123,White-throated Kingfisher,Halcyon smyrnensis,B,call,18.5206,73.8398,India
189204,White-throated Kingfisher,Halcyon smyrnensis,B,call,15.4346,74.0985,India
189420,Asian Koel,Eudynamys scolopaceus,A,song,11.0036,76.9537,India
190308,Asian Koel,Eudynamys scolopaceus,A,song,9.6446,118.728,Philippines
190858,White-breasted Waterhen,Amaurornis phoenicurus,A,song,6.2917,81.2685,Sri Lanka
190859,White-breasted Waterhen,Amaurornis phoenicurus,B,call,6.2917,81.2685,Sri Lanka
190873,Asian Koel,Eudynamys scolopaceus,A,song,12.026,79.8492,India
190874,Asian Koel,Eudynamys scolopaceus,A,call,12.026,79.8492,India
190962,Spotted Dove,Spilopelia chinensis,B,song,6.286,81.2923,Sri Lanka
190966,Common Iora,Aegithina tiphia,B,call,6.3984,81.482,Sri Lanka
191211,Common Tailorbird,Orthotomus sutorius,B,song,18.7877,98.984,Thailand
191870,Common Iora,Aegithina tiphia,B,call,12.026,79.8492,India
192023,Collared Kingfisher,Todiramphus chloris,B,call,3.3367,101.2439,Malaysia
192026,Collared Kingfisher,Todiramphus chloris,B,call,3.3367,101.2439,Malaysia
192027,Collared Kingfisher,Todiramphus chloris,C,call,3.3367,101.2439,Malaysia
192030,Common Iora,Aegithina tiphia,B,call,3.3367,101.2439,Malaysia
192031,Common Iora,Aegithina tiphia,B,call,3.3367,101.2439,Malaysia
192034,Common Iora,Aegithina tiphia,B,call,3.3367,101.2439,Malaysia
192037,Coppersmith Barbet,Psilopogon haemacephalus,C,song,3.3367,101.2439,Malaysia
19400,Asian Koel,Eudynamys scolopaceus,A,call,8.4874,76.952,India
194196,Asian Koel,Eudynamys scolopaceus,A,song,14.7655,120.2769,Philippines
194527,Olive-backed Sunbird,Cinnyris jugularis,B,song,2.1862,128.5764,Indonesia
194905,Asian Koel,Eudynamys scolopaceus,A,song,2.1862,128.5764,Indonesia
19639,Collared Kingfisher,Todiramphus chloris,B,call,0.5606,123.68,Indonesia
19647,Common Tailorbird,Orthotomus sutorius,A,song,33.605791,73.042259,Pakistan
19649,Coppersmith Barbet,Psilopogon haemacephalus,B,song,18.58333,98.48333,Thailand
196584,Asian Koel,Eudynamys scolopaceus,A,call,2.1402,128.5654,Indonesia
196949,White-throated Kingfisher,Halcyon smyrnensis,B,call,15.4542,73.8306,India
197127,Common Iora,Aegithina tiphia,B,call,15.4346,74.0985,India
197128,Common Iora,Aegithina tiphia,B,call,15.4346,74.0985,India
19752,Large-tailed Nightjar,Caprimulgus macrurus,B,call,12.9,99.6,Thailand
197605,White-throated Kingfisher,Halcyon smyrnensis,B,call,15.4545,74.2293,India
197619,Collared Kingfisher,Todiramphus chloris,A,call,15.4331,73.9256,India
197737,White-throated Kingfisher,Halcyon smyrnensis,B,call,15.375,74.2542,India
197838,Common Tailorbird,Orthotomus sutorius,A,song,15.625,99.3185,Thailand
19784,Olive-backed Sunbird,Cinnyris jugularis,B,call,,,Cambodia
197869,Common Iora,Aegithina tiphia,B,song,15.625,99.3185,Thailand
198426,Common Iora,Aegithina tiphia,B,song,-8.8258,115.2124,Indonesia
198428,Common Iora,Aegithina tiphia,B,song,-8.8258,115.2124,Indonesia
198430,Common Iora,Aegithina tiphia,B,song,-8.8258,115.2124,Indonesia
19938,Common Tailorbird,Orthotomus sutorius,B,song,10.0738,77.0914,India
19988,White-throated Kingfisher,Halcyon smyrnensis,B,call,8.7517,76.6937,India
200724,Coppersmith Barbet,Psilopogon haemacephalus,C,song,11.4377,107.4193,Vietnam
20267,Asian Koel,Eudynamys scolopaceus,A,call,8.7723,76.7089,India
203463,Olive-backed Sunbird,Cinnyris jugularis,B,song,5.9946,116.554,Malaysia
203465,Olive-backed Sunbird,Cinnyris jugularis,B,song,5.9946,116.554,Malaysia
203466,Olive-backed Sunbird,Cinnyris jugularis,B,song,5.9946,116.554,Malaysia
204535,Collared Kingfisher,Todiramphus chloris,B,call,-7.098,120.6647,Indonesia
204548,Olive-backed Sunbird,Cinnyris jugularis,B,call,-7.098,120.6647,Indonesia
204551,Olive-backed Sunbird,Cinnyris jugularis,B,call,-7.098,120.6647,Indonesia
204552,Olive-backed Sunbird,Cinnyris jugularis,B,call,-7.098,120.6647,Indonesia
204788,Large-tailed Nightjar,Caprimulgus macrurus,B,song,-7.7072,126.2796,Indonesia
204898,Collared Kingfisher,Todiramphus chloris,B,call,-8.1646,127.6883,Indonesia
205073,Collared Kingfisher,Todiramphus chloris,B,call,-8.0105,131.0847,Indonesia
205233,Coppersmith Barbet,Psilopogon haemacephalus,B,call,15.3622,73.8918,India
205313,Large-tailed Nightjar,Caprimulgus macrurus,B,song,5.3128,115.6617,Malaysia
205792,Collared Kingfisher,Todiramphus chloris,A,call,15.4779,73.9314,India
206552,Spotted Dove,Spilopelia chinensis,B,call,15.5953,99.3161,Thailand
207243,Common Iora,Aegithina tiphia,B,song,18.4426,74.0179,India
207665,White-throated Kingfisher,Halcyon smyrnensis,B,call,7.961,80.759,Sri Lanka
207723,Common Iora,Aegithina tiphia,B,call,7.2847,80.6371,Sri Lanka
207869,Common Iora,Aegithina tiphia,B,song,6.3161,81.483,Sri Lanka
207964,Olive-backed Sunbird,Cinnyris jugularis,B,call,3.9459,115.6019,Indonesia
208677,Spotted Dove,Spilopelia chinensis,B,call,15.3622,73.8918,India
208768,White-throated Kingfisher,Halcyon smyrnensis,B,call,15.5442,73.7733,India
208814,White-throated Kingfisher,Halcyon smyrnensis,B,call,15.5442,73.7733,India
209207,White-throated Kingfisher,Halcyon smyrnensis,B,call,15.5442,73.7733,India
209213,White-throated Kingfisher,Halcyon smyrnensis,B,song,15.5442,73.7733,India
209214,White-throated Kingfisher,Halcyon smyrnensis,B,song,15.5442,73.7733,India
209215,White-throated Kingfisher,Halcyon smyrnensis,B,call,15.5442,73.7733,India
209538,White-throated Kingfisher,Halcyon smyrnensis,B,call,15.5442,73.7733,India
209943,Coppersmith Barbet,Psilopogon haemacephalus,B,call,13.347,74.789,India
21133,Common Tailorbird,Orthotomus sutorius,A,call,15.5334,73.8167,India
211552,Common Iora,Aegithina tiphia,B,call,6.4167,80.4237,Sri Lanka
211553,Common Iora,Aegithina tiphia,B,call,6.4167,80.4237,Sri Lanka
213367,White-throated Kingfisher,Halcyon smyrnensis,B,song,21.2143,92.0543,Bangladesh
214418,Common Iora,Aegithina tiphia,B,song,-6.0187,106.1947,Indonesia
21571,Spotted Dove,Spilopelia chinensis,B,song,39.136452,118.830185,China
216355,Olive-backed Sunbird,Cinnyris jugularis,B,call,0.7003,127.83,Indonesia
216356,Olive-backed Sunbird,Cinnyris jugularis,B,song,0.7003,127.83,Indonesia
216876,Common Iora,Aegithina tiphia,B,call,5.4626,118.2526,Malaysia
217355,Collared Kingfisher,Todiramphus chloris,B,call,-6.5998,106.7962,Indonesia
236320,Common Iora,Aegithina tiphia,B,song,-2.9444,114.1861,Indonesia
236515,Asian Koel,Eudynamys scolopaceus,A,song,15.3622,73.8918,India
23823,Olive-backed Sunbird,Cinnyris jugularis,A,call,11.1667,107.1667,Vietnam
23824,Spotted Dove,Spilopelia chinensis,B,song,11.1667,107.1667,Vietnam
239282,Large-tailed Nightjar,Caprimulgus macrurus,B,song,-5.0282,105.7769,Indonesia
23969,Spotted Dove,Spilopelia chinensis,B,song,35.5764,111.1153,China
241963,Olive-backed Sunbird,Cinnyris jugularis,B,call,5.8762,117.9448,Malaysia
244136,White-throated Kingfisher,Halcyon smyrnensis,B,song,25.9475,91.8347,India
24590,Asian Koel,Eudynamys scolopaceus,A,song,13.8501,103.3167,Cambodia
24591,Asian Koel,Eudynamys scolopaceus,A,song,13.8501,103.3167,Cambodia
24597,Spotted Dove,Spilopelia chinensis,B,song,13.96667,104.88333,Cambodia
24608,Spotted Dove,Spilopelia chinensis,B,song,13.96667,104.88333,Cambodia
254982,White-throated Kingfisher,Halcyon smyrnensis,B,call,26.5023,88.407,Bangladesh
25978,Large-tailed Nightjar,Caprimulgus macrurus,B,song,11.3473,107.1501,Vietnam
26057,Common Iora,Aegithina tiphia,B,other,22.3284,94.4967,Myanmar
26251,Common Iora,Aegithina tiphia,B,song,11.3473,107.1501,Vietnam
26252,Common Iora,Aegithina tiphia,A,song,11.3473,107.1501,Vietnam
26253,Common Iora,Aegithina tiphia,A,song,11.3473,107.1501,Vietnam
264245,Collared Kingfisher,Todiramphus chloris,B,call,10.043,105.794,Vietnam
266476,Collared Kingfisher,Todiramphus chloris,A,call,6.1569,116.1513,Malaysia
266954,Common Iora,Aegithina tiphia,B,call,26.8453,81.0731,India
268331,Common Iora,Aegithina tiphia,B,song,26.8453,81.0731,India
268433,Common Iora,Aegithina tiphia,B,song,26.8453,81.0731,India
269423,Collared Kingfisher,Todiramphus chloris,B,song,9.87,118.82,Philippines
269430,Olive-backed Sunbird,Cinnyris jugularis,B,call,9.9817,118.7837,Philippines
269431,Olive-backed Sunbird,Cinnyris jugularis,B,call,10.1913,118.8912,Philippines
269432,Olive-backed Sunbird,Cinnyris jugularis,B,call,10.1913,118.8912,Philippines
269435,Collared Kingfisher,Todiramphus chloris,B,song,9.9817,118.7837,Philippines
269988,Collared Kingfisher,Todiramphus chloris,B,song,8.12,124.91,Philippines
27261,Coppersmith Barbet,Psilopogon haemacephalus,C,call,14.7501,106.0667,Laos
27611,Asian Koel,Eudynamys scolopaceus,A,call,13.96667,104.88333,Cambodia
278752,White-throated Kingfisher,Halcyon smyrnensis,B,call,12.9912,80.2363,India
284524,White-breasted Waterhen,Amaurornis phoenicurus,B,call,12.9912,80.2363,India
284767,Common Iora,Aegithina tiphia,B,call,-6.1745,105.9697,Indonesia
286053,White-breasted Waterhen,Amaurornis phoenicurus,B,call,24.425642,124.211626,Japan
286713,Collared Kingfisher,Todiramphus chloris,A,call,-8.3507,115.2741,Indonesia
288093,White-throated Kingfisher,Halcyon smyrnensis,B,call,12.9912,80.2363,India
289527,Coppersmith Barbet,Psilopogon haemacephalus,C,song,20.1856,96.4863,Myanmar
290513,Asian Koel,Eudynamys scolopaceus,A,song,3.338,101.241,Malaysia
290529,Large-tailed Nightjar,Caprimulgus macrurus,B,song,3.338,101.241,Malaysia
290530,Large-tailed Nightjar,Caprimulgus macrurus,B,call,3.338,101.241,Malaysia
290553,Collared Kingfisher,Todiramphus chloris,A,song,3.338,101.241,Malaysia
290554,Collared Kingfisher,Todiramphus chloris,A,song,3.338,101.241,Malaysia
290555,Collared Kingfisher,Todiramphus chloris,A,call,3.338,101.241,Malaysia
290584,Coppersmith Barbet,Psilopogon haemacephalus,B,song,3.338,101.241,Malaysia
290585,Coppersmith Barbet,Psilopogon haemacephalus,B,song,3.338,101.241,Malaysia
290678,Common Iora,Aegithina tiphia,A,song,3.338,101.241,Malaysia
290679,Common Iora,Aegithina tiphia,B,song,3.338,101.241,Malaysia
290697,Common Tailorbird,Orthotomus sutorius,A,song,3.693,101.746,Malaysia
290929,Olive-backed Sunbird,Cinnyris jugularis,A,song,3.338,101.241,Malaysia
290930,Olive-backed Sunbird,Cinnyris jugularis,A,song,3.338,101.241,Malaysia
290931,Olive-backed Sunbird,Cinnyris jugularis,A,song,3.338,101.241,Malaysia
290932,Olive-backed Sunbird,Cinnyris jugularis,A,call,3.338,101.241,Malaysia
291729,Collared Kingfisher,Todiramphus chloris,B,call,7.3397,134.4606,Palau
293219,Collared Kingfisher,Todiramphus chloris,B,call,0.5126,123.9109,Indonesia
294057,Common Iora,Aegithina tiphia,B,call,5.482,118.2376,Malaysia
295158,Collared Kingfisher,Todiramphus chloris,A,call,8.3626,98.5779,Thailand
295874,Large-tailed Nightjar,Caprimulgus macrurus,B,song,12.8422,99.5914,Thailand
29590,Asian Koel,Eudynamys scolopaceus,A,other,8.632449,97.646313,Thailand
29594,Asian Koel,Eudynamys scolopaceus,A,other,1.313095,103.813677,Singapore
297269,Common Iora,Aegithina tiphia,B,song,11.9965,79.8159,India
301717,Asian Koel,Eudynamys scolopaceus,A,call,18.8095,98.9585,Thailand
301810,Olive-backed Sunbird,Cinnyris jugularis,A,song,9.1385,98.6199,Thailand
302460,White-throated Kingfisher,Halcyon smyrnensis,B,call,7.2459,80.3519,Sri Lanka
303532,White-breasted Waterhen,Amaurornis phoenicurus,B,call,16.3981,73.7822,India
303760,Common Iora,Aegithina tiphia,B,song,9.1385,98.6199,Thailand
303821,Common Iora,Aegithina tiphia,B,song,12.2714,109.1138,Vietnam
303822,Common Iora,Aegithina tiphia,B,song,12.2714,109.1138,Vietnam
304181,White-throated Kingfisher,Halcyon smyrnensis,B,call,14.15,121.232,Philippines
304310,Coppersmith Barbet,Psilopogon haemacephalus,C,song,3.3402,101.2498,Malaysia
304839,Coppersmith Barbet,Psilopogon haemacephalus,C,call,10.0504,76.3389,India
305691,Asian Koel,Eudynamys scolopaceus,A,call,7.2509,80.3487,Sri Lanka
306378,White-throated Kingfisher,Halcyon smyrnensis,B,call,15.8891,108.3427,Vietnam
309568,Asian Koel,Eudynamys scolopaceus,A,song,9.2492,76.6392,India
311131,Common Iora,Aegithina tiphia,B,call,6.994027,80.411337,Sri Lanka
311133,Common Iora,Aegithina tiphia,A,call,6.994027,80.411337,Sri Lanka
311142,White-breasted Waterhen,Amaurornis phoenicurus,B,call,6.279967,81.304883,Sri Lanka
311271,Asian Koel,Eudynamys scolopaceus,A,song,6.989907,80.404582,Sri Lanka
311306,White-throated Kingfisher,Halcyon smyrnensis,A,call,6.994027,80.411337,Sri Lanka
311307,White-throated Kingfisher,Halcyon smyrnensis,B,call,6.993101,80.409556,Sri Lanka
311308,White-throated Kingfisher,Halcyon smyrnensis,B,call,6.279967,81.304883,Sri Lanka
311309,White-throated Kingfisher,Halcyon smyrnensis,B,call,6.279967,81.304883,Sri Lanka
311310,White-throated Kingfisher,Halcyon smyrnensis,B,call,6.307905,81.428599,Sri Lanka
311311,White-throated Kingfisher,Halcyon smyrnensis,B,call,6.307905,81.428599,Sri Lanka
311312,White-throated Kingfisher,Halcyon smyrnensis,A,call,6.307905,81.428599,Sri Lanka
311313,White-throated Kingfisher,Halcyon smyrnensis,B,call,6.279967,81.304883,Sri Lanka
311314,White-throated Kingfisher,Halcyon smyrnensis,B,call,6.279967,81.304883,Sri Lanka
311359,Coppersmith Barbet,Psilopogon haemacephalus,A,song,6.89965,80.901712,Sri Lanka
311399,Common Tailorbird,Orthotomus sutorius,A,song,6.994027,80.411337,Sri Lanka
311498,Spotted Dove,Spilopelia chinensis,A,song,6.279967,81.304883,Sri Lanka
314337,Asian Koel,Eudynamys scolopaceus,A,song,12.8116,99.5647,Thailand
314339,Asian Koel,Eudynamys scolopaceus,A,song,12.8116,99.5647,Thailand
31590,Asian Koel,Eudynamys scolopaceus,A,song,9.6306,76.4212,India
31621,White-throated Kingfisher,Halcyon smyrnensis,B,call,8.7517,76.6937,India
318467,White-breasted Waterhen,Amaurornis phoenicurus,B,call,13.2222,100.9936,Thailand
318468,White-breasted Waterhen,Amaurornis phoenicurus,B,call,13.2222,100.9936,Thailand
318819,White-breasted Waterhen,Amaurornis phoenicurus,B,call,13.2222,100.9936,Thailand
319817,White-throated Kingfisher,Halcyon smyrnensis,B,song,27.57,84.5101,Nepal
321157,Coppersmith Barbet,Psilopogon haemacephalus,B,call,8.2589,126.1537,Philippines
325283,Collared Kingfisher,Todiramphus chloris,C,call,8.0758,98.9179,Thailand
327430,Asian Koel,Eudynamys scolopaceus,A,song,13.0522,100.0856,Thailand
330496,Asian Koel,Eudynamys scolopaceus,A,call,8.7055,81.1875,Sri Lanka
347594,White-throated Kingfisher,Halcyon smyrnensis,B,song,24.4726,118.3099,Taiwan
348719,Coppersmith Barbet,Psilopogon haemacephalus,C,call,18.2962,99.2933,Thailand
351356,Coppersmith Barbet,Psilopogon haemacephalus,B,call,10.5354,76.6936,India
351669,Large-tailed Nightjar,Caprimulgus macrurus,B,song,-9.875,124.2117,Indonesia
35222,Coppersmith Barbet,Psilopogon haemacephalus,C,song,17.5501,121.9501,Philippines
353099,Large-tailed Nightjar,Caprimulgus macrurus,B,call,1.3457,103.8328,Singapore
356241,Collared Kingfisher,Todiramphus chloris,B,call,15.4678,73.9439,India
356320,Coppersmith Barbet,Psilopogon haemacephalus,B,call,21.0543,75.8459,India
35653,Common Iora,Aegithina tiphia,A,song,5.9937,116.1053,Malaysia
35654,Common Iora,Aegithina tiphia,B,song,5.9937,116.1053,Malaysia
35804,Asian Koel,Eudynamys scolopaceus,A,song,14.4387,101.3751,Thailand
35836,Olive-backed Sunbird,Cinnyris jugularis,B,call,14.4387,101.3751,Thailand
359318,Large-tailed Nightjar,Caprimulgus macrurus,B,song,12.8969,100.8777,Thailand
359359,Coppersmith Barbet,Psilopogon haemacephalus,B,song,17.0184,99.704,Thailand
359540,White-breasted Waterhen,Amaurornis phoenicurus,B,call,5.482,118.2376,Malaysia
359636,Olive-backed Sunbird,Cinnyris jugularis,A,call,6.0289,116.547,Malaysia
359638,Olive-backed Sunbird,Cinnyris jugularis,A,song,5.8762,117.9448,Malaysia
359639,Olive-backed Sunbird,Cinnyris jugularis,A,song,5.8762,117.9448,Malaysia
359641,Olive-backed Sunbird,Cinnyris jugularis,A,song,5.8762,117.9448,Malaysia
362047,Large-tailed Nightjar,Caprimulgus macrurus,B,song,12.3092,99.9591,Thailand
362355,Coppersmith Barbet,Psilopogon haemacephalus,C,call,27.5545,84.5124,Nepal
362686,Large-tailed Nightjar,Caprimulgus macrurus,B,song,12.3092,99.9591,Thailand
364385,Coppersmith Barbet,Psilopogon haemacephalus,C,song,18.7821,98.9793,Thailand
365142,Large-tailed Nightjar,Caprimulgus macrurus,A,song,15.1229,98.8928,Thailand
365384,Coppersmith Barbet,Psilopogon haemacephalus,B,song,8.1275,98.6221,Thailand
365385,White-throated Kingfisher,Halcyon smyrnensis,A,song,8.1275,98.6221,Thailand
365386,White-throated Kingfisher,Halcyon smyrnensis,B,call,8.1275,98.6221,Thailand
365725,White-breasted Waterhen,Amaurornis phoenicurus,B,call,-8.5096,115.2509,Indonesia
369243,White-throated Kingfisher,Halcyon smyrnensis,B,song,10.1128448,76.70223,India
369310,Coppersmith Barbet,Psilopogon haemacephalus,C,song,10.3,77.25,India
369312,Coppersmith Barbet,Psilopogon haemacephalus,C,song,10.3,77.25,India
369314,Coppersmith Barbet,Psilopogon haemacephalus,B,song,11.5515,76.6501,India
369387,Common Tailorbird,Orthotomus sutorius,A,song,11.5389,76.6428,India
369547,Spotted Dove,Spilopelia chinensis,A,song,11.4639,76.6798,India
369563,Collared Kingfisher,Todiramphus chloris,C,call,11.797488,92.7176571,India
369564,Collared Kingfisher,Todiramphus chloris,B,call,11.797488,92.7176571,India
369566,Collared Kingfisher,Todiramphus chloris,C,call,11.797488,92.7176571,India
369567,Collared Kingfisher,Todiramphus chloris,B,call,11.797488,92.7176571,India
36965,Collared Kingfisher,Todiramphus chloris,B,call,6.7162,116.3445,Malaysia
370329,Common Tailorbird,Orthotomus sutorius,A,call,10.1128,76.7022,India
371664,Common Iora,Aegithina tiphia,B,song,11.4377,107.4193,Vietnam
37625,Asian Koel,Eudynamys scolopaceus,B,song,3.3367,101.2439,Malaysia
376315,Collared Kingfisher,Todiramphus chloris,B,song,-7.2435,109.1279,Indonesia
376316,Collared Kingfisher,Todiramphus chloris,B,song,-7.2435,109.1279,Indonesia
376598,White-throated Kingfisher,Halcyon smyrnensis,B,call,14.3657,121.0335,Philippines
377406,White-throated Kingfisher,Halcyon smyrnensis,B,call,18.7363,73.7326,India
381375,White-throated Kingfisher,Halcyon smyrnensis,B,call,18.3479,99.4872,Thailand
381376,White-throated Kingfisher,Halcyon smyrnensis,B,call,18.3479,99.4872,Thailand
38187,Large-tailed Nightjar,Caprimulgus macrurus,B,other,-7.8317,114.4139,Indonesia
38333,White-breasted Waterhen,Amaurornis phoenicurus,B,call,-8.2785,115.1534,Indonesia
38335,Asian Koel,Eudynamys scolopaceus,A,song,-8.2785,115.1534,Indonesia
38504,Common Iora,Aegithina tiphia,B,song,-8.5121,115.2671,Indonesia
38505,Common Iora,Aegithina tiphia,B,call,-8.5121,115.2671,Indonesia
385666,Common Tailorbird,Orthotomus sutorius,B,call,3.1253,101.616,Malaysia
38821,Common Iora,Aegithina tiphia,B,call,5.9873,116.0889,Malaysia
39156,Collared Kingfisher,Todiramphus chloris,B,call,5.9873,116.0889,Malaysia
391990,White-throated Kingfisher,Halcyon smyrnensis,B,call,15.5255,73.9154,India
394034,Large-tailed Nightjar,Caprimulgus macrurus,B,song,12.7982,99.4534,Thailand
394872,White-breasted Waterhen,Amaurornis phoenicurus,B,call,15.5333,73.8135,India
395142,Large-tailed Nightjar,Caprimulgus macrurus,B,song,5.3891,116.1711,Malaysia
397623,Olive-backed Sunbird,Cinnyris jugularis,A,call,12.7989,99.4539,Thailand
398701,Olive-backed Sunbird,Cinnyris jugularis,B,song,5.873,117.9399,Malaysia
400193,Asian Koel,Eudynamys scolopaceus,A,call,15.5352,73.7621,India
400194,Asian Koel,Eudynamys scolopaceus,A,call,15.5352,73.7621,India
40034,Collared Kingfisher,Todiramphus chloris,B,call,1.313095,103.813677,Singapore
40038,Olive-backed Sunbird,Cinnyris jugularis,B,song,1.313095,103.813677,Singapore
40046,White-throated Kingfisher,Halcyon smyrnensis,B,call,1.313095,103.813677,Singapore
401214,Coppersmith Barbet,Psilopogon haemacephalus,C,call,15.5552,73.8863,India
402013,Collared Kingfisher,Todiramphus chloris,B,call,13.8549,100.4735,Thailand
403727,Collared Kingfisher,Todiramphus chloris,B,call,12.4917,122.2717,Philippines
403728,Collared Kingfisher,Todiramphus chloris,B,call,12.4917,122.2717,Philippines
403742,Coppersmith Barbet,Psilopogon haemacephalus,C,call,14.7641,120.2837,Philippines
403966,Coppersmith Barbet,Psilopogon haemacephalus,C,call,26.8783,78.5665,India
406127,Coppersmith Barbet,Psilopogon haemacephalus,C,call,11.096,76.6518,India
413677,Collared Kingfisher,Todiramphus chloris,B,song,-8.2756,115.1511,Indonesia
414018,Asian Koel,Eudynamys scolopaceus,A,call,14.3819,101.8782,Thailand
41732,Common Iora,Aegithina tiphia,B,song,,,Thailand
423125,Asian Koel,Eudynamys scolopaceus,A,call,2.3034,111.8253,Malaysia
42618,Collared Kingfisher,Todiramphus chloris,A,call,1.5106,125.195,Indonesia
426432,Large-tailed Nightjar,Caprimulgus macrurus,A,song,26.672638,91.004331,India
426433,Large-tailed Nightjar,Caprimulgus macrurus,B,song,26.672638,91.004331,India
426538,Asian Koel,Eudynamys scolopaceus,A,call,26.672638,91.004331,India
430263,White-throated Kingfisher,Halcyon smyrnensis,B,song,21.1214,94.8581,Myanmar
431502,White-throated Kingfisher,Halcyon smyrnensis,B,song,-1.1313,98.9678,Indonesia
431504,White-throated Kingfisher,Halcyon smyrnensis,B,song,-1.1313,98.9678,Indonesia
433760,White-throated Kingfisher,Halcyon smyrnensis,A,song,26.8428,75.7916,India
433840,Spotted Dove,Spilopelia chinensis,B,call,1.5249,110.3123,Malaysia
433841,Spotted Dove,Spilopelia chinensis,B,call,1.5249,110.3123,Malaysia
436748,White-throated Kingfisher,Halcyon smyrnensis,A,call,15.5334,73.8286,India
438462,Olive-backed Sunbird,Cinnyris jugularis,B,call,1.5249,110.3122,Malaysia
438463,Olive-backed Sunbird,Cinnyris jugularis,B,call,1.5249,110.3122,Malaysia
438464,Olive-backed Sunbird,Cinnyris jugularis,B,call,1.5249,110.3122,Malaysia
439489,Olive-backed Sunbird,Cinnyris jugularis,B,call,1.5249,110.3124,Malaysia
441821,Spotted Dove,Spilopelia chinensis,B,song,1.5249,110.3123,Malaysia
442340,Common Tailorbird,Orthotomus sutorius,B,call,13.8264,79.95,India
442555,White-breasted Waterhen,Amaurornis phoenicurus,B,call,24.8841,121.6645,Taiwan
443314,Coppersmith Barbet,Psilopogon haemacephalus,C,call,19.9062,73.8243,India
444228,Asian Koel,Eudynamys scolopaceus,A,call,22.2846,70.7642,India
446848,White-throated Kingfisher,Halcyon smyrnensis,B,call,,,Philippines
447267,Spotted Dove,Spilopelia chinensis,B,song,18.6688,98.6394,Thailand
447292,White-breasted Waterhen,Amaurornis phoenicurus,A,song,18.6708,98.655,Thailand
447294,White-breasted Waterhen,Amaurornis phoenicurus,A,song,18.6708,98.655,Thailand
44805,Coppersmith Barbet,Psilopogon haemacephalus,B,song,15.495,73.783,India
448087,Olive-backed Sunbird,Cinnyris jugularis,B,song,,,Malaysia
448094,Collared Kingfisher,Todiramphus chloris,C,call,3.1246,101.616,Malaysia
44835,Coppersmith Barbet,Psilopogon haemacephalus,B,song,15.399,74.176,India
44845,Coppersmith Barbet,Psilopogon haemacephalus,B,song,15.399,74.176,India
44935,Spotted Dove,Spilopelia chinensis,B,song,11.5601,76.652,India
454040,Common Tailorbird,Orthotomus sutorius,A,call,23.6496,87.2454,India
459293,Coppersmith Barbet,Psilopogon haemacephalus,B,call,12.9912,80.2363,India
460164,White-throated Kingfisher,Halcyon smyrnensis,A,call,27.1593,77.5232,India
460165,White-throated Kingfisher,Halcyon smyrnensis,B,song,27.1593,77.5232,India
460175,Common Tailorbird,Orthotomus sutorius,A,call,27.1593,77.5232,India
461513,Large-tailed Nightjar,Caprimulgus macrurus,A,call,8.8445,98.2729,Thailand
461515,Coppersmith Barbet,Psilopogon haemacephalus,B,call,8.8445,98.2729,Thailand
461633,Large-tailed Nightjar,Caprimulgus macrurus,A,call,8.8445,98.2729,Thailand
462432,White-breasted Waterhen,Amaurornis phoenicurus,A,call,13.7472,100.8191,Thailand
463124,Coppersmith Barbet,Psilopogon haemacephalus,C,call,4.6027,101.1117,Malaysia
469471,Coppersmith Barbet,Psilopogon haemacephalus,C,call,12.9912,80.2363,India
472569,White-breasted Waterhen,Amaurornis phoenicurus,B,call,27.1593,77.5232,India
472611,Large-tailed Nightjar,Caprimulgus macrurus,B,song,29.54,79.1,India
472751,White-throated Kingfisher,Halcyon smyrnensis,A,call,28.464,76.893,India
472752,White-throated Kingfisher,Halcyon smyrnensis,A,call,27.1593,77.5232,India
472753,White-throated Kingfisher,Halcyon smyrnensis,B,call,27.1593,77.5232,India
472857,Common Tailorbird,Orthotomus sutorius,A,call,27.1593,77.5232,India
473062,Spotted Dove,Spilopelia chinensis,B,song,29.54,79.1,India
473850,Common Iora,Aegithina tiphia,B,song,10.0965,77.0582,India
474093,Spotted Dove,Spilopelia chinensis,B,song,11.7013,76.6361,India
477125,Collared Kingfisher,Todiramphus chloris,A,call,14.3657,121.0335,Philippines
477297,White-throated Kingfisher,Halcyon smyrnensis,B,song,-1.7124,103.4003,Indonesia
479829,White-breasted Waterhen,Amaurornis phoenicurus,B,call,0.3725,101.8577,Indonesia
479859,Common Iora,Aegithina tiphia,A,call,0.3725,101.8577,Indonesia
481181,White-throated Kingfisher,Halcyon smyrnensis,B,call,0.3725,101.8577,Indonesia
481276,Collared Kingfisher,Todiramphus chloris,B,call,13.5151,100.6589,Thailand
484451,Common Tailorbird,Orthotomus sutorius,A,call,23.8201,90.3472,Bangladesh
484953,Spotted Dove,Spilopelia chinensis,B,call,30.2805,77.9608,India
491974,Large-tailed Nightjar,Caprimulgus macrurus,A,song,4.382,102.3999,Malaysia
498025,Large-tailed Nightjar,Caprimulgus macrurus,B,call,1.4111,103.9047,Singapore
498369,White-breasted Waterhen,Amaurornis phoenicurus,B,call,-1.1963,98.9791,Indonesia
498802,White-throated Kingfisher,Halcyon smyrnensis,B,call,-1.1963,98.9791,Indonesia
498803,White-throated Kingfisher,Halcyon smyrnensis,B,song,-1.1963,98.9791,Indonesia
498804,White-throated Kingfisher,Halcyon smyrnensis,B,song,-1.1963,98.9791,Indonesia
498806,White-throated Kingfisher,Halcyon smyrnensis,B,call,-1.1963,98.9791,Indonesia
498807,White-throated Kingfisher,Halcyon smyrnensis,B,song,-1.1963,98.9791,Indonesia
498808,White-throated Kingfisher,Halcyon smyrnensis,B,song,-1.1963,98.9791,Indonesia
498809,White-throated Kingfisher,Halcyon smyrnensis,B,call,-1.1963,98.9791,Indonesia
498810,White-throated Kingfisher,Halcyon smyrnensis,B,call,-1.1963,98.9791,Indonesia
498811,White-throated Kingfisher,Halcyon smyrnensis,B,song,-1.1963,98.9791,Indonesia
501340,White-throated Kingfisher,Halcyon smyrnensis,B,song,2.3814,96.3509,Indonesia
507731,Large-tailed Nightjar,Caprimulgus macrurus,B,song,29.5334,78.9334,India
507734,Large-tailed Nightjar,Caprimulgus macrurus,A,song,29.5334,78.9334,India
507746,White-throated Kingfisher,Halcyon smyrnensis,B,call,29.5334,78.9334,India
507751,White-throated Kingfisher,Halcyon smyrnensis,B,call,29.5334,78.9334,India
507753,Coppersmith Barbet,Psilopogon haemacephalus,B,call,29.5334,78.9334,India
507756,White-throated Kingfisher,Halcyon smyrnensis,A,call,29.5334,78.9334,India
513453,White-throated Kingfisher,Halcyon smyrnensis,A,song,3.2095,101.7561,Malaysia
514743,Asian Koel,Eudynamys scolopaceus,A,call,13.7472,100.8191,Thailand
516499,Common Iora,Aegithina tiphia,B,call,12.5509,102.0452,Thailand
518843,Asian Koel,Eudynamys scolopaceus,A,call,2.5282,101.8149,Malaysia
519900,Spotted Dove,Spilopelia chinensis,B,song,13.9667,104.8833,Cambodia
523554,Asian Koel,Eudynamys scolopaceus,B,song,3.1638,101.728,Malaysia
528823,Coppersmith Barbet,Psilopogon haemacephalus,C,call,-6.5976,106.7996,Indonesia
528888,Coppersmith Barbet,Psilopogon haemacephalus,C,call,1.3671,103.6963,Singapore
530839,Coppersmith Barbet,Psilopogon haemacephalus,B,song,17.4054,78.5317,India
530842,Coppersmith Barbet,Psilopogon haemacephalus,C,song,17.4054,78.5317,India
530844,Coppersmith Barbet,Psilopogon haemacephalus,B,song,16.879,82.2462,India
531533,Coppersmith Barbet,Psilopogon haemacephalus,B,song,20.2659,100.0345,Thailand
531534,Coppersmith Barbet,Psilopogon haemacephalus,B,song,20.2659,100.0345,Thailand
531611,Asian Koel,Eudynamys scolopaceus,A,song,20.1299,99.164,Thailand
531612,Asian Koel,Eudynamys scolopaceus,A,song,20.1299,99.164,Thailand
533623,White-throated Kingfisher,Halcyon smyrnensis,B,call,22.4293,88.4007,India
534388,Asian Koel,Eudynamys scolopaceus,A,song,22.551,113.9971,China
534568,Coppersmith Barbet,Psilopogon haemacephalus,B,call,16.536,101.1601,Thailand
537745,White-throated Kingfisher,Halcyon smyrnensis,B,call,0.9499,101.3454,Indonesia
537772,Common Tailorbird,Orthotomus sutorius,A,song,22.551,113.9971,China
537773,White-throated Kingfisher,Halcyon smyrnensis,B,call,11.5347,75.7054,India
53860,Coppersmith Barbet,Psilopogon haemacephalus,C,song,14.13583,121.19,Philippines
541285,White-breasted Waterhen,Amaurornis phoenicurus,B,song,26.6556,128.0186,Japan
541369,Common Tailorbird,Orthotomus sutorius,B,other,22.4806,88.366,India
545686,White-throated Kingfisher,Halcyon smyrnensis,B,call,6.9,79.8664,Sri Lanka
547500,Coppersmith Barbet,Psilopogon haemacephalus,B,song,13.0172,77.5671,India
547501,White-throated Kingfisher,Halcyon smyrnensis,B,song,13.0172,77.5671,India
547505,Asian Koel,Eudynamys scolopaceus,A,song,30.2825,77.9735,India
547506,White-throated Kingfisher,Halcyon smyrnensis,B,song,30.2825,77.9735,India
547513,Common Tailorbird,Orthotomus sutorius,A,song,30.2825,77.9735,India
547540,White-throated Kingfisher,Halcyon smyrnensis,A,song,30.2825,77.9735,India
548744,White-breasted Waterhen,Amaurornis phoenicurus,B,call,18.6472,72.8903,India
551633,Asian Koel,Eudynamys scolopaceus,A,song,,,India
551671,White-throated Kingfisher,Halcyon smyrnensis,B,call,,,India
555514,Common Tailorbird,Orthotomus sutorius,A,song,17.9281,102.7539,Laos
555515,Common Tailorbird,Orthotomus sutorius,A,song,17.9281,102.7539,Laos
555516,Coppersmith Barbet,Psilopogon haemacephalus,B,song,17.9281,102.7539,Laos
559648,White-throated Kingfisher,Halcyon smyrnensis,B,call,13.0167,101.0098,Thailand
559887,Common Tailorbird,Orthotomus sutorius,A,call,12.5467,102.0672,Thailand
560109,Asian Koel,Eudynamys scolopaceus,A,other,26.2702,72.9614,India
565732,White-throated Kingfisher,Halcyon smyrnensis,B,song,18.023,102.4515,Laos
566000,Spotted Dove,Spilopelia chinensis,B,song,5.462,100.19,Malaysia
566244,Asian Koel,Eudynamys scolopaceus,B,song,5.4598,100.2072,Malaysia
566252,Olive-backed Sunbird,Cinnyris jugularis,B,song,5.302,100.1845,Malaysia
566256,Olive-backed Sunbird,Cinnyris jugularis,B,song,5.302,100.1845,Malaysia
572499,Coppersmith Barbet,Psilopogon haemacephalus,C,song,0.4342,101.876,Indonesia
573898,White-throated Kingfisher,Halcyon smyrnensis,B,call,26.1948,91.6957,India
574612,White-throated Kingfisher,Halcyon smyrnensis,B,song,18.7635,73.4297,India
574972,Coppersmith Barbet,Psilopogon haemacephalus,C,call,12.8328,80.0366,India
575557,Collared Kingfisher,Todiramphus chloris,B,call,1.2914,103.7667,Singapore
575558,Collared Kingfisher,Todiramphus chloris,B,call,1.2914,103.7667,Singapore
575559,Collared Kingfisher,Todiramphus chloris,B,call,1.2914,103.7667,Singapore
575560,Collared Kingfisher,Todiramphus chloris,B,song,1.33591,103.72597,Singapore
575951,Large-tailed Nightjar,Caprimulgus macrurus,B,song,1.2966,103.7764,Singapore
578005,Asian Koel,Eudynamys scolopaceus,A,call,1.282363,103.868585,Singapore
578352,Asian Koel,Eudynamys scolopaceus,A,song,1.282363,103.868585,Singapore
583144,White-breasted Waterhen,Amaurornis phoenicurus,A,call,23.1466,83.1577,India
583630,White-breasted Waterhen,Amaurornis phoenicurus,B,call,27.0821,75.8961,India
58812,Common Iora,Aegithina tiphia,B,song,3.3367,101.2439,Malaysia
588920,Large-tailed Nightjar,Caprimulgus macrurus,B,call,10.2575,103.9369,Vietnam
591315,Asian Koel,Eudynamys scolopaceus,B,call,1.5523,103.6732,Malaysia
594949,Asian Koel,Eudynamys scolopaceus,A,call,5.2563,73.1637,Maldives
594950,Asian Koel,Eudynamys scolopaceus,A,call,5.2563,73.1637,Maldives
594951,Asian Koel,Eudynamys scolopaceus,A,call,5.2563,73.1637,Maldives
594968,Common Tailorbird,Orthotomus sutorius,A,call,15.3622,73.8918,India
595428,Common Iora,Aegithina tiphia,B,song,7.9795,80.7294,Sri Lanka
595460,Coppersmith Barbet,Psilopogon haemacephalus,C,song,6.3382,81.4204,Sri Lanka
595461,Spotted Dove,Spilopelia chinensis,A,song,6.3382,81.4204,Sri Lanka
597045,Large-tailed Nightjar,Caprimulgus macrurus,B,call,3.4203,101.152,Malaysia
597124,Large-tailed Nightjar,Caprimulgus macrurus,B,song,3.4203,101.152,Malaysia
597327,Large-tailed Nightjar,Caprimulgus macrurus,B,call,4.6014,101.1094,Malaysia
598139,Collared Kingfisher,Todiramphus chloris,A,call,3.339,101.2448,Malaysia
600906,Common Iora,Aegithina tiphia,B,call,14.3819,101.8782,Thailand
601043,Large-tailed Nightjar,Caprimulgus macrurus,B,call,2.89,101.2897,Malaysia
604692,Large-tailed Nightjar,Caprimulgus macrurus,B,other,1.2738,103.8175,Singapore
606430,White-breasted Waterhen,Amaurornis phoenicurus,B,call,12.5503,102.083,Thailand
606859,Collared Kingfisher,Todiramphus chloris,B,call,12.5502,102.0837,Thailand
607345,Olive-backed Sunbird,Cinnyris jugularis,A,call,17.9281,102.7539,Laos
608941,Common Iora,Aegithina tiphia,B,other,6.004,80.5142,Sri Lanka
612271,Large-tailed Nightjar,Caprimulgus macrurus,B,song,13.6326,99.3604,Thailand
612274,Large-tailed Nightjar,Caprimulgus macrurus,B,call,13.6326,99.3604,Thailand
616396,Olive-backed Sunbird,Cinnyris jugularis,A,call,13.9685,100.4153,Thailand
616994,Asian Koel,Eudynamys scolopaceus,A,song,3.5037,101.1004,Malaysia
619116,Olive-backed Sunbird,Cinnyris jugularis,A,call,17.9936,102.4323,Laos
619291,Large-tailed Nightjar,Caprimulgus macrurus,B,other,5.9162,116.1172,Malaysia
619809,Collared Kingfisher,Todiramphus chloris,C,call,-6.7273,106.9711,Indonesia
620129,Coppersmith Barbet,Psilopogon haemacephalus,B,song,12.8474,99.5795,Thailand
620130,Coppersmith Barbet,Psilopogon haemacephalus,B,song,12.8474,99.5795,Thailand
620131,Coppersmith Barbet,Psilopogon haemacephalus,C,song,3.3483,101.2474,Malaysia
620132,Coppersmith Barbet,Psilopogon haemacephalus,C,call,26.6048,93.3916,India
620135,Coppersmith Barbet,Psilopogon haemacephalus,B,song,7.0237,125.3778,Philippines
620793,White-throated Kingfisher,Halcyon smyrnensis,A,call,13.2014,101.0318,Thailand
621232,Collared Kingfisher,Todiramphus chloris,C,call,3.3483,101.2474,Malaysia
621463,White-throated Kingfisher,Halcyon smyrnensis,A,call,27.1593,77.5232,India
622984,Coppersmith Barbet,Psilopogon haemacephalus,B,song,9.7195,123.4529,Philippines
622985,Coppersmith Barbet,Psilopogon haemacephalus,C,song,9.7195,123.4529,Philippines
622986,Coppersmith Barbet,Psilopogon haemacephalus,B,song,9.7195,123.4529,Philippines
623017,Common Tailorbird,Orthotomus sutorius,A,song,17.9361,102.6217,Laos
623018,Common Tailorbird,Orthotomus sutorius,B,song,17.9361,102.6217,Laos
628835,Common Iora,Aegithina tiphia,B,song,3.5037,101.1004,Malaysia
631904,Collared Kingfisher,Todiramphus chloris,B,call,13.5164,100.6575,Thailand
631908,Collared Kingfisher,Todiramphus chloris,A,call,13.6956,100.569,Thailand
633065,White-throated Kingfisher,Halcyon smyrnensis,A,call,22.692,88.297,India
633084,White-breasted Waterhen,Amaurornis phoenicurus,B,call,22.692,88.297,India
635320,Asian Koel,Eudynamys scolopaceus,A,call,2.2786,102.2815,Malaysia
639792,Large-tailed Nightjar,Caprimulgus macrurus,B,call,-6.561,106.7594,Indonesia
641527,Common Iora,Aegithina tiphia,B,song,19.837,102.132,Laos
642353,Coppersmith Barbet,Psilopogon haemacephalus,C,other,22.1108,80.5675,India
646767,Spotted Dove,Spilopelia chinensis,B,song,13.4631,103.9794,Cambodia
646768,Spotted Dove,Spilopelia chinensis,B,song,13.6966,100.5678,Thailand
647048,Collared Kingfisher,Todiramphus chloris,B,call,1.446,103.7291,Singapore
647854,Common Tailorbird,Orthotomus sutorius,A,other,1.3965,103.8033,Singapore
656017,Common Tailorbird,Orthotomus sutorius,A,call,15.5131,73.8704,India
657630,Large-tailed Nightjar,Caprimulgus macrurus,B,call,1.3998,103.8083,Singapore
657958,Common Tailorbird,Orthotomus sutorius,A,call,17.9361,102.6217,Laos
664308,Common Iora,Aegithina tiphia,B,song,1.4176,103.9651,Singapore
664633,Coppersmith Barbet,Psilopogon haemacephalus,B,song,18.18,104.4992,Laos
665269,Coppersmith Barbet,Psilopogon haemacephalus,C,song,12.8058,80.1119,India
665274,Spotted Dove,Spilopelia chinensis,B,other,39.9795,116.4807,China
665481,Spotted Dove,Spilopelia chinensis,B,song,21.179,70.5865,India
671743,Coppersmith Barbet,Psilopogon haemacephalus,B,song,13.6841,100.6621,Thailand
672602,Asian Koel,Eudynamys scolopaceus,A,other,1.3183,103.9488,Singapore
681920,Spotted Dove,Spilopelia chinensis,A,song,18.0362,102.373,Laos
684609,Collared Kingfisher,Todiramphus chloris,B,call,10.0178,98.5208,Myanmar
68671,Coppersmith Barbet,Psilopogon haemacephalus,B,song,10.4,123.1,Philippines
68672,Coppersmith Barbet,Psilopogon haemacephalus,C,song,10.4,123.1,Philippines
68676,Coppersmith Barbet,Psilopogon haemacephalus,C,song,6.9,122.1,Philippines
68677,Coppersmith Barbet,Psilopogon haemacephalus,C,song,6.9,122.1,Philippines
68678,Coppersmith Barbet,Psilopogon haemacephalus,B,song,6.9,122.1,Philippines
68830,Olive-backed Sunbird,Cinnyris jugularis,B,call,-5.65,133.01,Indonesia
68831,Olive-backed Sunbird,Cinnyris jugularis,A,song,-5.6,132.77,Indonesia
688542,Spotted Dove,Spilopelia chinensis,B,song,15.5165,73.8744,India
696208,Asian Koel,Eudynamys scolopaceus,A,other,1.5523,103.6732,Malaysia
69653,Collared Kingfisher,Todiramphus chloris,C,song,-3.25,126.15,Indonesia
701873,Coppersmith Barbet,Psilopogon haemacephalus,B,song,12.8024,99.4437,Thailand
702460,Coppersmith Barbet,Psilopogon haemacephalus,C,call,6.3918,81.3643,Sri Lanka
706576,Common Iora,Aegithina tiphia,A,song,1.4394,103.7349,Singapore
707485,Large-tailed Nightjar,Caprimulgus macrurus,B,song,1.2954,103.814,Singapore
707529,Common Iora,Aegithina tiphia,B,song,13.297,103.826,Cambodia
707530,Common Iora,Aegithina tiphia,A,song,17.1309,103.0014,Thailand
707552,White-breasted Waterhen,Amaurornis phoenicurus,B,song,13.6955,100.5699,Thailand
709128,White-breasted Waterhen,Amaurornis phoenicurus,B,call,31.5305,121.8554,China
709690,Common Tailorbird,Orthotomus sutorius,B,song,20.9951,101.4157,Laos
710195,Coppersmith Barbet,Psilopogon haemacephalus,A,song,13.9446,105.9283,Laos
710198,Common Iora,Aegithina tiphia,A,call,14.892,105.8667,Laos
710631,Spotted Dove,Spilopelia chinensis,B,song,31.1741,121.4214,China
710634,Spotted Dove,Spilopelia chinensis,A,song,31.1741,121.4214,China
710635,Spotted Dove,Spilopelia chinensis,A,song,31.1741,121.4214,China
710640,Spotted Dove,Spilopelia chinensis,A,song,31.1741,121.4214,China
711521,Common Iora,Aegithina tiphia,B,song,18.1996,102.2197,Laos
711892,White-breasted Waterhen,Amaurornis phoenicurus,B,call,5.4926,72.9372,Maldives
713871,Common Tailorbird,Orthotomus sutorius,A,song,24.458,118.1406,China
717548,Asian Koel,Eudynamys scolopaceus,B,song,19.3816,98.9776,Thailand
717550,Asian Koel,Eudynamys scolopaceus,A,song,13.6969,100.5625,Thailand
720008,Common Tailorbird,Orthotomus sutorius,A,song,17.8269,102.6764,Laos
720533,Asian Koel,Eudynamys scolopaceus,A,call,18.3006,99.4628,Thailand
720544,White-throated Kingfisher,Halcyon smyrnensis,B,song,18.3006,99.4628,Thailand
721129,Spotted Dove,Spilopelia chinensis,A,song,31.1741,121.4214,China
721346,Common Tailorbird,Orthotomus sutorius,A,call,23.1139,115.4141,China
721355,Common Tailorbird,Orthotomus sutorius,A,call,23.1139,115.4141,China
722973,Collared Kingfisher,Todiramphus chloris,B,song,11.7946,92.7114,India
723472,Common Tailorbird,Orthotomus sutorius,B,call,1.3131,103.8137,Singapore
723482,Spotted Dove,Spilopelia chinensis,B,song,31.1741,121.4214,China
723871,Spotted Dove,Spilopelia chinensis,B,song,31.617,121.4018,China
723872,Spotted Dove,Spilopelia chinensis,B,song,31.617,121.4018,China
723978,Common Tailorbird,Orthotomus sutorius,B,song,21.0039,101.3925,Laos
724405,White-breasted Waterhen,Amaurornis phoenicurus,A,song,30.8646,121.7081,China
724411,White-breasted Waterhen,Amaurornis phoenicurus,A,call,22.492,114.044,China
724541,Collared Kingfisher,Todiramphus chloris,C,song,13.2471,92.9761,India
724545,Collared Kingfisher,Todiramphus chloris,C,song,13.2471,92.9761,India
724548,Collared Kingfisher,Todiramphus chloris,C,song,13.2471,92.9761,India
724736,Spotted Dove,Spilopelia chinensis,A,song,31.1741,121.4214,China
725662,Spotted Dove,Spilopelia chinensis,B,song,40.0028,116.3516,China
727577,Spotted Dove,Spilopelia chinensis,B,call,31.1741,121.4214,China
73022,Asian Koel,Eudynamys scolopaceus,A,song,26.928,75.793,India
73023,Asian Koel,Eudynamys scolopaceus,A,song,26.928,75.793,India
73024,Asian Koel,Eudynamys scolopaceus,A,song,26.928,75.793,India
730935,Collared Kingfisher,Todiramphus chloris,B,call,5.4983,118.2714,Malaysia
731973,Spotted Dove,Spilopelia chinensis,A,song,31.1741,121.4214,China
732059,Spotted Dove,Spilopelia chinensis,B,call,31.1741,121.4214,China
735664,Common Iora,Aegithina tiphia,B,song,1.2875,103.8704,Singapore
735667,Asian Koel,Eudynamys scolopaceus,A,song,1.2875,103.8704,Singapore
736038,Spotted Dove,Spilopelia chinensis,B,song,23.8293,120.7942,Taiwan
741765,White-breasted Waterhen,Amaurornis phoenicurus,A,call,1.3674,103.7527,Singapore
742601,Spotted Dove,Spilopelia chinensis,B,song,40.0338,116.3907,China
743612,Asian Koel,Eudynamys scolopaceus,A,call,15.4645,74.1879,India
746297,Olive-backed Sunbird,Cinnyris jugularis,A,call,-5.4985,123.7563,Indonesia
746299,Olive-backed Sunbird,Cinnyris jugularis,A,call,-5.4985,123.7563,Indonesia
746312,Olive-backed Sunbird,Cinnyris jugularis,A,call,-5.3378,123.6148,Indonesia
748015,Collared Kingfisher,Todiramphus chloris,B,call,6.1259,116.1234,Malaysia
748185,Spotted Dove,Spilopelia chinensis,A,song,31.1741,121.4214,China
74828,White-throated Kingfisher,Halcyon smyrnensis,B,call,29.5854,78.8624,India
753727,Asian Koel,Eudynamys scolopaceus,A,song,12.0579,75.5804,India
754241,Coppersmith Barbet,Psilopogon haemacephalus,C,song,5.4377,100.2907,Malaysia
754354,Common Iora,Aegithina tiphia,A,call,17.5377,73.1764,India
754359,Common Iora,Aegithina tiphia,A,other,17.5377,73.1764,India
754470,Common Tailorbird,Orthotomus sutorius,A,call,17.5377,73.1764,India
754568,Olive-backed Sunbird,Cinnyris jugularis,A,song,10.91,107.2175,Vietnam
755258,Large-tailed Nightjar,Caprimulgus macrurus,A,song,1.2954,103.814,Singapore
756488,Collared Kingfisher,Todiramphus chloris,A,call,1.3362,103.8229,Singapore
756521,Spotted Dove,Spilopelia chinensis,B,song,1.3139,103.8157,Singapore
756569,Spotted Dove,Spilopelia chinensis,B,song,6.4111,80.5089,Sri Lanka
756624,Large-tailed Nightjar,Caprimulgus macrurus,B,song,1.2928,103.8457,Singapore
756625,Large-tailed Nightjar,Caprimulgus macrurus,B,song,1.2928,103.8457,Singapore
757224,Spotted Dove,Spilopelia chinensis,B,song,19.4424,102.4127,Laos
761690,Asian Koel,Eudynamys scolopaceus,A,song,1.2954,103.814,Singapore
761749,Large-tailed Nightjar,Caprimulgus macrurus,A,call,1.2954,103.814,Singapore
762343,Collared Kingfisher,Todiramphus chloris,B,other,6.7167,116.3333,Malaysia
764668,Collared Kingfisher,Todiramphus chloris,A,call,1.3513,103.683,Singapore
764940,White-breasted Waterhen,Amaurornis phoenicurus,A,other,22.4936,114.0336,China
764942,White-breasted Waterhen,Amaurornis phoenicurus,A,song,22.4936,114.0336,China
764945,White-breasted Waterhen,Amaurornis phoenicurus,A,song,22.4936,114.0336,China
766589,Spotted Dove,Spilopelia chinensis,A,song,20.1382,100.5546,Thailand
767766,White-breasted Waterhen,Amaurornis phoenicurus,A,call,24.5534,118.2332,China
773797,Spotted Dove,Spilopelia chinensis,B,song,1.448,103.728,Singapore
776063,Spotted Dove,Spilopelia chinensis,B,song,31.1741,121.4214,China
777287,Common Iora,Aegithina tiphia,B,song,20.0663,100.5418,Thailand
778389,Spotted Dove,Spilopelia chinensis,B,song,20.2864,100.0577,Thailand
778393,Large-tailed Nightjar,Caprimulgus macrurus,B,song,5.3136,100.222,Malaysia
778394,Large-tailed Nightjar,Caprimulgus macrurus,B,song,5.3136,100.222,Malaysia
782696,Collared Kingfisher,Todiramphus chloris,B,call,,,Singapore
78288,Spotted Dove,Spilopelia chinensis,B,song,30.206,121.033,China
78291,Spotted Dove,Spilopelia chinensis,B,song,30.206,121.033,China
783501,Olive-backed Sunbird,Cinnyris jugularis,A,call,5.2415,100.4298,Malaysia
783505,Olive-backed Sunbird,Cinnyris jugularis,B,call,5.2415,100.4298,Malaysia
783708,White-breasted Waterhen,Amaurornis phoenicurus,A,song,12.8425,99.5903,Thailand
783719,Coppersmith Barbet,Psilopogon haemacephalus,A,call,12.7816,99.967,Thailand
783842,White-throated Kingfisher,Halcyon smyrnensis,A,call,12.8118,99.5644,Thailand
783852,Large-tailed Nightjar,Caprimulgus macrurus,A,song,12.8118,99.5644,Thailand
783854,White-breasted Waterhen,Amaurornis phoenicurus,A,call,12.8118,99.5644,Thailand
783972,Spotted Dove,Spilopelia chinensis,B,song,20.2864,100.0577,Thailand
783974,Spotted Dove,Spilopelia chinensis,B,song,20.2864,100.0577,Thailand
78432,Asian Koel,Eudynamys scolopaceus,A,call,2.53,101.805,Malaysia
78433,Asian Koel,Eudynamys scolopaceus,A,call,2.53,101.805,Malaysia
78434,Asian Koel,Eudynamys scolopaceus,A,call,2.53,101.805,Malaysia
78435,Asian Koel,Eudynamys scolopaceus,A,call,2.53,101.805,Malaysia
78436,Common Tailorbird,Orthotomus sutorius,B,song,2.53,101.805,Malaysia
78439,Common Iora,Aegithina tiphia,B,call,14.161,106.327,Cambodia
785734,Common Tailorbird,Orthotomus sutorius,B,song,20.0663,100.5418,Thailand
785879,Spotted Dove,Spilopelia chinensis,B,song,31.1741,121.4214,China
786033,Asian Koel,Eudynamys scolopaceus,B,song,3.338,101.241,Malaysia
786218,Asian Koel,Eudynamys scolopaceus,A,song,11.8419,75.9479,India
786219,Spotted Dove,Spilopelia chinensis,A,song,31.1741,121.4214,China
786438,Asian Koel,Eudynamys scolopaceus,A,song,11.8419,75.9479,India
786978,Common Tailorbird,Orthotomus sutorius,A,song,17.9456,102.6562,Laos
787552,Asian Koel,Eudynamys scolopaceus,A,call,1.4202,103.7203,Singapore
787660,Common Tailorbird,Orthotomus sutorius,A,song,12.8118,99.5644,Thailand
787963,Asian Koel,Eudynamys scolopaceus,A,song,22.5133,88.3446,India
788027,Olive-backed Sunbird,Cinnyris jugularis,A,song,12.8118,99.5644,Thailand
788037,Olive-backed Sunbird,Cinnyris jugularis,A,call,12.7816,99.967,Thailand
788042,Common Tailorbird,Orthotomus sutorius,A,call,12.7816,99.967,Thailand
788191,Olive-backed Sunbird,Cinnyris jugularis,B,call,12.8918,99.6567,Thailand
788204,Asian Koel,Eudynamys scolopaceus,A,song,12.7767,99.9759,Thailand
788279,Spotted Dove,Spilopelia chinensis,B,song,5.9444,116.0464,Malaysia
788290,Spotted Dove,Spilopelia chinensis,A,song,5.9444,116.0464,Malaysia
788329,Common Iora,Aegithina tiphia,B,song,17.9429,102.7546,Laos
788672,Asian Koel,Eudynamys scolopaceus,A,song,13.7642,100.4954,Thailand
788680,Asian Koel,Eudynamys scolopaceus,A,song,13.7305,100.5574,Thailand
789091,Coppersmith Barbet,Psilopogon haemacephalus,A,song,12.8118,99.5644,Thailand
79314,Collared Kingfisher,Todiramphus chloris,B,call,5.149,120,Philippines
793876,Asian Koel,Eudynamys scolopaceus,A,call,20.3294,99.8814,Thailand
795095,Collared Kingfisher,Todiramphus chloris,B,call,1.2925,103.8483,Singapore
79566,White-throated Kingfisher,Halcyon smyrnensis,B,song,26.589,93.422,India
79567,White-throated Kingfisher,Halcyon smyrnensis,B,song,26.589,93.422,India
797016,White-throated Kingfisher,Halcyon smyrnensis,A,song,11.9632,75.5785,India
797017,White-throated Kingfisher,Halcyon smyrnensis,A,song,11.9632,75.5785,India
797018,White-throated Kingfisher,Halcyon smyrnensis,A,song,11.9632,75.5785,India
797439,White-breasted Waterhen,Amaurornis phoenicurus,A,call,19.996,110.3832,China
797495,White-breasted Waterhen,Amaurornis phoenicurus,A,call,19.1072,108.6518,China
797696,Large-tailed Nightjar,Caprimulgus macrurus,A,call,19.3442,109.6846,China
797864,Coppersmith Barbet,Psilopogon haemacephalus,C,song,17.5798,106.2812,Vietnam
798675,Large-tailed Nightjar,Caprimulgus macrurus,B,song,1.2954,103.814,Singapore
798838,Collared Kingfisher,Todiramphus chloris,B,call,1.4103,103.9892,Singapore
799302,Common Iora,Aegithina tiphia,B,call,19.1182,102.3711,Laos
802279,Common Iora,Aegithina tiphia,A,call,6.942,100.4035,Thailand
803097,Asian Koel,Eudynamys scolopaceus,A,song,24.4565,118.0959,China
803973,Common Iora,Aegithina tiphia,B,song,20.0096,100.4289,Thailand
804383,Spotted Dove,Spilopelia chinensis,A,song,30.2528,120.1217,China
804558,Collared Kingfisher,Todiramphus chloris,A,call,1.2928,103.8457,Singapore
805862,Collared Kingfisher,Todiramphus chloris,A,song,,,India
808437,Asian Koel,Eudynamys scolopaceus,A,call,22.551,113.9971,China
809146,Large-tailed Nightjar,Caprimulgus macrurus,A,song,28.5064,81.2512,Nepal
809179,Large-tailed Nightjar,Caprimulgus macrurus,A,song,28.4625,81.2348,Nepal
809180,Large-tailed Nightjar,Caprimulgus macrurus,A,song,28.4625,81.2348,Nepal
809701,Large-tailed Nightjar,Caprimulgus macrurus,A,song,28.4625,81.2348,Nepal
809702,White-throated Kingfisher,Halcyon smyrnensis,A,call,28.4625,81.2348,Nepal
809713,Spotted Dove,Spilopelia chinensis,B,song,28.4625,81.2348,Nepal
809896,Large-tailed Nightjar,Caprimulgus macrurus,A,song,28.4625,81.2348,Nepal
810486,Common Tailorbird,Orthotomus sutorius,A,song,28.4625,81.2348,Nepal
810642,Large-tailed Nightjar,Caprimulgus macrurus,A,song,28.4625,81.2348,Nepal
810643,Large-tailed Nightjar,Caprimulgus macrurus,A,song,28.4625,81.2348,Nepal
810644,Large-tailed Nightjar,Caprimulgus macrurus,A,song,28.4625,81.2348,Nepal
810645,Large-tailed Nightjar,Caprimulgus macrurus,A,song,28.4625,81.2348,Nepal
810646,Large-tailed Nightjar,Caprimulgus macrurus,A,song,28.4625,81.2348,Nepal
810648,Large-tailed Nightjar,Caprimulgus macrurus,A,song,28.4625,81.2348,Nepal
812731,Asian Koel,Eudynamys scolopaceus,A,song,22.5055,114.0731,China
812732,Asian Koel,Eudynamys scolopaceus,A,song,22.4936,114.0336,China
812733,Asian Koel,Eudynamys scolopaceus,A,call,22.4936,114.0336,China
812734,Asian Koel,Eudynamys scolopaceus,A,call,22.4936,114.0336,China
812735,Asian Koel,Eudynamys scolopaceus,A,call,22.4936,114.0336,China
812737,Asian Koel,Eudynamys scolopaceus,A,call,22.4939,114.0404,China
812796,Asian Koel,Eudynamys scolopaceus,A,call,22.4896,114.0343,China
81310,Spotted Dove,Spilopelia chinensis,B,song,29.379,113.02,China
813888,Common Iora,Aegithina tiphia,B,song,19.8891,102.1389,Laos
818183,White-breasted Waterhen,Amaurornis phoenicurus,A,song,24.627,102.9223,China
820684,Large-tailed Nightjar,Caprimulgus macrurus,A,song,,,Thailand
822911,Coppersmith Barbet,Psilopogon haemacephalus,C,call,20.119,100.515,Thailand
823277,Collared Kingfisher,Todiramphus chloris,B,call,0.7784,124.4009,Indonesia
825796,Collared Kingfisher,Todiramphus chloris,B,call,1.4479,103.7246,Singapore
825797,Collared Kingfisher,Todiramphus chloris,A,call,-8.1368,114.5531,Indonesia
827000,Common Iora,Aegithina tiphia,A,call,1.4085,103.968,Singapore
828236,Large-tailed Nightjar,Caprimulgus macrurus,B,song,1.2777,103.8049,Singapore
829165,Common Tailorbird,Orthotomus sutorius,B,song,20.119,100.515,Thailand
829396,Large-tailed Nightjar,Caprimulgus macrurus,A,song,1.3191,103.8045,Singapore
832863,Olive-backed Sunbird,Cinnyris jugularis,B,call,4.5766,118.9478,Malaysia
833521,Olive-backed Sunbird,Cinnyris jugularis,A,call,4.5766,118.9478,Malaysia
833597,White-throated Kingfisher,Halcyon smyrnensis,A,call,12.5564,102.0597,Thailand
834664,Common Tailorbird,Orthotomus sutorius,A,song,22.4475,114.1436,China
834665,Common Tailorbird,Orthotomus sutorius,A,call,22.4939,114.0404,China
834666,Common Tailorbird,Orthotomus sutorius,A,call,22.4495,114.3209,China
834667,Common Tailorbird,Orthotomus sutorius,A,call,22.4495,114.3209,China
834668,Common Tailorbird,Orthotomus sutorius,A,song,22.4495,114.3209,China
834669,Common Tailorbird,Orthotomus sutorius,A,song,22.4495,114.3209,China
834670,Common Tailorbird,Orthotomus sutorius,A,call,22.4495,114.3209,China
835177,Common Tailorbird,Orthotomus sutorius,A,song,13.697,100.5665,Thailand
835194,Common Tailorbird,Orthotomus sutorius,A,song,17.2918,102.8404,Thailand
835386,Olive-backed Sunbird,Cinnyris jugularis,A,call,13.6989,100.5654,Thailand
835388,Olive-backed Sunbird,Cinnyris jugularis,A,call,13.6989,100.5654,Thailand
835395,Olive-backed Sunbird,Cinnyris jugularis,A,call,13.6989,100.5654,Thailand
835405,Olive-backed Sunbird,Cinnyris jugularis,A,call,13.2945,103.8082,Cambodia
835407,Olive-backed Sunbird,Cinnyris jugularis,A,call,13.6961,100.5672,Thailand
835409,Olive-backed Sunbird,Cinnyris jugularis,A,call,13.6961,100.5672,Thailand
838780,Olive-backed Sunbird,Cinnyris jugularis,A,call,13.7298,100.5549,Thailand
839569,Spotted Dove,Spilopelia chinensis,A,call,31.1212,121.4026,China
840689,Large-tailed Nightjar,Caprimulgus macrurus,A,song,6.1763,116.2328,Malaysia
841000,Olive-backed Sunbird,Cinnyris jugularis,A,call,18.0638,102.352,Laos
841198,Common Iora,Aegithina tiphia,A,call,13.7747,100.8919,Thailand
841652,Asian Koel,Eudynamys scolopaceus,A,song,13.714,100.5247,Thailand
841872,Spotted Dove,Spilopelia chinensis,A,song,31.2164,121.9213,China
842013,Coppersmith Barbet,Psilopogon haemacephalus,A,song,13.848,100.4844,Thailand
842516,Olive-backed Sunbird,Cinnyris jugularis,A,call,13.8469,100.5197,Thailand
842519,White-breasted Waterhen,Amaurornis phoenicurus,A,song,13.8469,100.5197,Thailand
842521,White-breasted Waterhen,Amaurornis phoenicurus,A,song,13.8469,100.5197,Thailand
843300,White-breasted Waterhen,Amaurornis phoenicurus,B,call,31.3039,122.0923,China
843501,Spotted Dove,Spilopelia chinensis,B,song,4.0405,101.1721,Malaysia
843764,White-breasted Waterhen,Amaurornis phoenicurus,A,call,13.8469,100.5197,Thailand
844113,White-breasted Waterhen,Amaurornis phoenicurus,A,call,20.0626,99.36,Thailand
845311,White-breasted Waterhen,Amaurornis phoenicurus,B,call,13.9114,100.4762,Thailand
845702,Olive-backed Sunbird,Cinnyris jugularis,A,call,18.7588,108.8572,China
845703,Olive-backed Sunbird,Cinnyris jugularis,A,call,19.1891,109.6098,China
845704,Olive-backed Sunbird,Cinnyris jugularis,A,song,19.1891,109.6098,China
845705,Olive-backed Sunbird,Cinnyris jugularis,A,song,-8.5821,115.2888,Indonesia
845706,Olive-backed Sunbird,Cinnyris jugularis,A,song,-8.5821,115.2888,Indonesia
845707,Olive-backed Sunbird,Cinnyris jugularis,A,song,-8.5821,115.2888,Indonesia
845718,White-throated Kingfisher,Halcyon smyrnensis,A,song,19.1891,109.6098,China
845719,White-throated Kingfisher,Halcyon smyrnensis,A,call,22.4896,114.0343,China
845720,White-throated Kingfisher,Halcyon smyrnensis,A,call,22.5178,114.209,China
856162,Olive-backed Sunbird,Cinnyris jugularis,A,call,17.9528,102.747,Laos
856512,Spotted Dove,Spilopelia chinensis,B,song,13.8056,100.524,Thailand
857059,Coppersmith Barbet,Psilopogon haemacephalus,A,song,13.9114,100.4762,Thailand
857646,Common Tailorbird,Orthotomus sutorius,A,call,17.8269,102.6764,Laos
858215,Olive-backed Sunbird,Cinnyris jugularis,A,call,13.7295,100.5587,Thailand
858220,Olive-backed Sunbird,Cinnyris jugularis,A,call,13.4113,103.8675,Cambodia
858894,Asian Koel,Eudynamys scolopaceus,A,song,13.0095,100.0685,Thailand
859462,Collared Kingfisher,Todiramphus chloris,B,call,15.2151,120.0205,Philippines
860813,Olive-backed Sunbird,Cinnyris jugularis,B,call,18.3808,103.2155,Laos
862018,Olive-backed Sunbird,Cinnyris jugularis,A,call,10.7164,105.5089,Vietnam
862446,Olive-backed Sunbird,Cinnyris jugularis,A,call,13.9114,100.4762,Thailand
862635,Asian Koel,Eudynamys scolopaceus,A,song,13.4942,100.4091,Thailand
862837,Common Tailorbird,Orthotomus sutorius,B,call,19.8509,100.3304,Thailand
863037,Spotted Dove,Spilopelia chinensis,B,song,18.2148,102.1503,Laos
864330,Large-tailed Nightjar,Caprimulgus macrurus,B,song,-7.8356,114.435,Indonesia
864598,Common Tailorbird,Orthotomus sutorius,A,song,18.1983,104.9217,Laos
86946,Collared Kingfisher,Todiramphus chloris,A,song,,,Malaysia
86947,Collared Kingfisher,Todiramphus chloris,A,song,,,Malaysia
871206,Common Tailorbird,Orthotomus sutorius,B,song,13.7767,100.3183,Thailand
872918,Large-tailed Nightjar,Caprimulgus macrurus,B,call,6.4399,100.1564,Malaysia
875469,Spotted Dove,Spilopelia chinensis,A,song,31.1741,121.4214,China
875514,Large-tailed Nightjar,Caprimulgus macrurus,B,song,12.8819,99.6266,Thailand
875611,Spotted Dove,Spilopelia chinensis,B,call,24.5708,93.7662,India
875644,Coppersmith Barbet,Psilopogon haemacephalus,C,song,21.9164,101.2722,China
877083,White-throated Kingfisher,Halcyon smyrnensis,A,call,15.4542,73.8306,India
877674,Olive-backed Sunbird,Cinnyris jugularis,B,call,17.9528,102.747,Laos
877678,Common Tailorbird,Orthotomus sutorius,B,song,18.1092,102.5906,Laos
877987,Spotted Dove,Spilopelia chinensis,A,song,30.4555,120.9103,China
877988,Spotted Dove,Spilopelia chinensis,A,call,30.4742,120.9006,China
879002,Coppersmith Barbet,Psilopogon haemacephalus,A,song,12.0579,75.5804,India
879486,Spotted Dove,Spilopelia chinensis,A,song,22.4955,114.0489,China
879487,Spotted Dove,Spilopelia chinensis,A,song,22.4495,114.3209,China
879489,Spotted Dove,Spilopelia chinensis,A,song,22.4495,114.3209,China
879491,Spotted Dove,Spilopelia chinensis,A,song,22.4495,114.3209,China
879570,Common Tailorbird,Orthotomus sutorius,B,song,17.9323,102.6573,Laos
880658,Spotted Dove,Spilopelia chinensis,B,song,12.8819,99.6266,Thailand
880662,White-throated Kingfisher,Halcyon smyrnensis,A,call,12.8819,99.6266,Thailand
88110,Spotted Dove,Spilopelia chinensis,B,song,14.0187,103.2131,Cambodia
88187,Olive-backed Sunbird,Cinnyris jugularis,B,call,13.986,103.903,Cambodia
883647,Large-tailed Nightjar,Caprimulgus macrurus,A,song,26.9294,92.8261,India
883918,Common Tailorbird,Orthotomus sutorius,B,song,17.9388,102.7433,Laos
883919,Common Tailorbird,Orthotomus sutorius,B,song,17.9388,102.7433,Laos
883951,Spotted Dove,Spilopelia chinensis,B,song,16.355,105.531,Laos
88412,Spotted Dove,Spilopelia chinensis,B,song,14.153,103.811,Cambodia
88421,Large-tailed Nightjar,Caprimulgus macrurus,B,song,3.3367,101.2439,Malaysia
884362,Spotted Dove,Spilopelia chinensis,B,song,26.9294,92.8261,India
88719,Common Iora,Aegithina tiphia,B,song,14.1528,103.8109,Cambodia
88720,Common Iora,Aegithina tiphia,B,song,14.1528,103.8109,Cambodia
88721,Common Iora,Aegithina tiphia,B,song,14.1528,103.8109,Cambodia
889914,Olive-backed Sunbird,Cinnyris jugularis,A,call,20.0455,110.2093,China
889942,Olive-backed Sunbird,Cinnyris jugularis,A,other,18.7883,110.3828,China
891329,Asian Koel,Eudynamys scolopaceus,A,song,9.7028,118.5171,Philippines
891369,Common Tailorbird,Orthotomus sutorius,B,call,8.7365,98.2222,Thailand
891472,Olive-backed Sunbird,Cinnyris jugularis,B,song,11.5783,104.9659,Cambodia
891808,Asian Koel,Eudynamys scolopaceus,A,song,9.8122,118.6909,Philippines
891820,Common Iora,Aegithina tiphia,B,song,9.8122,118.6909,Philippines
892324,Olive-backed Sunbird,Cinnyris jugularis,B,song,9.8122,118.6909,Philippines
892691,White-breasted Waterhen,Amaurornis phoenicurus,B,song,20.7139,102.1008,Laos
892778,Large-tailed Nightjar,Caprimulgus macrurus,B,song,9.7636,118.7198,Philippines
892779,Large-tailed Nightjar,Caprimulgus macrurus,B,song,9.7636,118.7198,Philippines
892780,Large-tailed Nightjar,Caprimulgus macrurus,B,song,9.7636,118.7198,Philippines
892781,Large-tailed Nightjar,Caprimulgus macrurus,B,song,9.7636,118.7198,Philippines
892782,Collared Kingfisher,Todiramphus chloris,B,song,9.7636,118.7198,Philippines
892825,Olive-backed Sunbird,Cinnyris jugularis,B,song,10.032,118.7722,Philippines
893312,Common Tailorbird,Orthotomus sutorius,B,call,22.7718,100.9955,China
893348,Common Tailorbird,Orthotomus sutorius,B,song,20.6869,101.9852,Laos
893700,Collared Kingfisher,Todiramphus chloris,A,song,1.1528,104.5741,Indonesia
893845,Asian Koel,Eudynamys scolopaceus,A,song,13.6884,100.6641,Thailand
893846,Asian Koel,Eudynamys scolopaceus,A,song,13.6884,100.6641,Thailand
893849,Coppersmith Barbet,Psilopogon haemacephalus,C,song,13.6884,100.6641,Thailand
894014,Collared Kingfisher,Todiramphus chloris,A,song,1.1528,104.5741,Indonesia
895676,Large-tailed Nightjar,Caprimulgus macrurus,B,song,9.8122,118.6909,Philippines
895678,Large-tailed Nightjar,Caprimulgus macrurus,B,song,9.8122,118.6909,Philippines
895934,Coppersmith Barbet,Psilopogon haemacephalus,C,song,18.0208,121.9978,Philippines
896209,Collared Kingfisher,Todiramphus chloris,A,call,3.1426,101.3114,Malaysia
897282,Coppersmith Barbet,Psilopogon haemacephalus,C,song,14.7821,120.302,Philippines
897377,Olive-backed Sunbird,Cinnyris jugularis,B,song,14.7873,120.2795,Philippines
897847,Common Tailorbird,Orthotomus sutorius,B,song,17.9323,102.6573,Laos
897996,White-throated Kingfisher,Halcyon smyrnensis,A,call,5.4208,100.2699,Malaysia
897997,Common Tailorbird,Orthotomus sutorius,B,call,5.4247,100.2682,Malaysia
898777,Common Tailorbird,Orthotomus sutorius,B,song,17.8269,102.6764,Laos
901469,Asian Koel,Eudynamys scolopaceus,A,call,17.9379,102.6398,Laos
902374,Common Iora,Aegithina tiphia,A,call,10.7164,105.5089,Vietnam
904468,White-breasted Waterhen,Amaurornis phoenicurus,A,call,30.5596,120.9228,China
90551,Spotted Dove,Spilopelia chinensis,B,song,22.537,88.3395,India
906272,Common Iora,Aegithina tiphia,B,song,20.0745,99.0979,Thailand
906828,White-breasted Waterhen,Amaurornis phoenicurus,A,call,30.5422,120.9142,China
908924,Asian Koel,Eudynamys scolopaceus,A,call,31.1741,121.4214,China
908994,Common Iora,Aegithina tiphia,B,song,8.8833,98.4996,Thailand
909605,Olive-backed Sunbird,Cinnyris jugularis,B,song,19.8509,100.3304,Thailand
910592,White-breasted Waterhen,Amaurornis phoenicurus,A,song,30.5485,120.9313,China
911389,White-breasted Waterhen,Amaurornis phoenicurus,A,call,31.0163,121.4841,China
914094,Coppersmith Barbet,Psilopogon haemacephalus,A,song,18.1778,104.4871,Laos
914180,Common Tailorbird,Orthotomus sutorius,A,song,3.4443,102.0149,Malaysia
914182,Common Tailorbird,Orthotomus sutorius,A,call,3.4443,102.0149,Malaysia
917586,Asian Koel,Eudynamys scolopaceus,A,song,31.4707,120.2647,China
919207,Common Tailorbird,Orthotomus sutorius,C,song,13.8065,100.5489,Thailand
919673,Common Tailorbird,Orthotomus sutorius,B,song,4.39,102.4,Malaysia
92076,Common Iora,Aegithina tiphia,B,call,5.482,118.2376,Malaysia
921512,White-throated Kingfisher,Halcyon smyrnensis,A,song,3.7006,101.0827,Malaysia
923018,Asian Koel,Eudynamys scolopaceus,A,call,13.0058,80.22,India
924998,Common Tailorbird,Orthotomus sutorius,B,song,16.5437,107.678,Vietnam
932207,Spotted Dove,Spilopelia chinensis,B,song,13.7504,100.5304,Thailand
933063,Olive-backed Sunbird,Cinnyris jugularis,B,song,1.5555,124.8335,Indonesia
936180,Large-tailed Nightjar,Caprimulgus macrurus,B,song,14.3819,101.8782,Thailand
937313,Common Tailorbird,Orthotomus sutorius,B,song,13.9446,105.9283,Laos
937315,Common Tailorbird,Orthotomus sutorius,B,song,13.9446,105.9283,Laos
937630,Asian Koel,Eudynamys scolopaceus,A,call,13.7806,100.5383,Thailand
937964,Collared Kingfisher,Todiramphus chloris,A,call,5.0321,118.3189,Malaysia
938419,Olive-backed Sunbird,Cinnyris jugularis,B,song,1.3178,103.8178,Singapore
938454,Common Iora,Aegithina tiphia,A,other,-6.1053,106.7356,Indonesia
938495,Olive-backed Sunbird,Cinnyris jugularis,B,call,1.346,103.9288,Singapore
938702,Olive-backed Sunbird,Cinnyris jugularis,B,call,1.3138,103.8159,Singapore
938720,Olive-backed Sunbird,Cinnyris jugularis,B,call,1.3144,103.8149,Singapore
940167,Collared Kingfisher,Todiramphus chloris,B,song,9.6922,124.0963,Philippines
94032,Coppersmith Barbet,Psilopogon haemacephalus,C,song,12.9251,99.6598,Thailand
941325,Common Tailorbird,Orthotomus sutorius,A,call,4.387,102.4055,Malaysia
941383,Coppersmith Barbet,Psilopogon haemacephalus,A,song,3.3388,101.2412,Malaysia
941384,Coppersmith Barbet,Psilopogon haemacephalus,A,song,3.3388,101.2412,Malaysia
941512,Large-tailed Nightjar,Caprimulgus macrurus,B,song,14.3551,98.9528,Thailand
941519,Common Iora,Aegithina tiphia,C,song,14.3551,98.9528,Thailand
94171,Large-tailed Nightjar,Caprimulgus macrurus,B,song,12.811,99.563,Thailand
942414,White-throated Kingfisher,Halcyon smyrnensis,A,call,2.8576,101.633,Malaysia
942415,White-throated Kingfisher,Halcyon smyrnensis,A,call,2.8576,101.633,Malaysia
942722,Coppersmith Barbet,Psilopogon haemacephalus,A,song,14.6519,100.9785,Thailand
943196,Coppersmith Barbet,Psilopogon haemacephalus,A,song,14.6519,100.9785,Thailand
943204,Common Tailorbird,Orthotomus sutorius,B,song,14.6519,100.9785,Thailand
944619,White-breasted Waterhen,Amaurornis phoenicurus,A,call,1.3674,103.7527,Singapore
944621,White-breasted Waterhen,Amaurornis phoenicurus,A,call,,,Singapore
946362,White-breasted Waterhen,Amaurornis phoenicurus,A,song,13.7406,100.0429,Thailand
946785,Common Tailorbird,Orthotomus sutorius,B,song,13.714,100.5247,Thailand
949668,Asian Koel,Eudynamys scolopaceus,A,song,13.7295,100.5587,Thailand
949671,White-throated Kingfisher,Halcyon smyrnensis,A,call,13.7295,100.5587,Thailand
950611,Common Tailorbird,Orthotomus sutorius,B,call,13.7806,100.5383,Thailand
951556,White-breasted Waterhen,Amaurornis phoenicurus,A,call,1.2954,103.814,Singapore
952005,Coppersmith Barbet,Psilopogon haemacephalus,A,call,9.9832,76.8658,India
952351,Olive-backed Sunbird,Cinnyris jugularis,C,song,13.7295,100.5587,Thailand
952352,Coppersmith Barbet,Psilopogon haemacephalus,A,song,13.7137,100.5217,Thailand
953305,Asian Koel,Eudynamys scolopaceus,A,call,22.2219,113.9153,China
953307,Asian Koel,Eudynamys scolopaceus,A,call,22.2219,113.9153,China
954926,Asian Koel,Eudynamys scolopaceus,A,call,1.2823,103.865,Singapore
954929,Common Tailorbird,Orthotomus sutorius,B,call,1.3083,103.8155,Singapore
954971,Coppersmith Barbet,Psilopogon haemacephalus,A,song,-8.6727,115.4696,Indonesia
955002,Olive-backed Sunbird,Cinnyris jugularis,B,call,-8.8291,115.0849,Indonesia
955872,Olive-backed Sunbird,Cinnyris jugularis,A,call,17.5603,98.876,Thailand
956003,Common Tailorbird,Orthotomus sutorius,C,call,14.0722,100.6056,Thailand
956211,Asian Koel,Eudynamys scolopaceus,A,song,1.3359,103.726,Singapore
956335,White-breasted Waterhen,Amaurornis phoenicurus,B,other,,,India
956342,White-breasted Waterhen,Amaurornis phoenicurus,B,other,,,India
956355,White-breasted Waterhen,Amaurornis phoenicurus,A,other,,,India
956356,White-breasted Waterhen,Amaurornis phoenicurus,A,other,,,India
956362,White-breasted Waterhen,Amaurornis phoenicurus,A,other,,,India
956367,White-breasted Waterhen,Amaurornis phoenicurus,A,other,,,India
956373,White-breasted Waterhen,Amaurornis phoenicurus,A,other,,,India
956375,White-breasted Waterhen,Amaurornis phoenicurus,A,other,,,India
956376,White-breasted Waterhen,Amaurornis phoenicurus,B,other,,,India
956379,White-breasted Waterhen,Amaurornis phoenicurus,B,other,,,India
956382,White-breasted Waterhen,Amaurornis phoenicurus,A,other,,,India
956383,White-breasted Waterhen,Amaurornis phoenicurus,A,other,,,India
956391,White-breasted Waterhen,Amaurornis phoenicurus,A,other,,,India
956392,White-breasted Waterhen,Amaurornis phoenicurus,A,other,,,India
956393,White-breasted Waterhen,Amaurornis phoenicurus,A,other,,,India
956395,White-breasted Waterhen,Amaurornis phoenicurus,B,other,,,India
956403,White-breasted Waterhen,Amaurornis phoenicurus,B,other,,,India
956404,White-breasted Waterhen,Amaurornis phoenicurus,B,other,,,India
956409,White-breasted Waterhen,Amaurornis phoenicurus,A,other,,,India
956413,White-breasted Waterhen,Amaurornis phoenicurus,B,other,,,India
956417,White-breasted Waterhen,Amaurornis phoenicurus,B,other,,,India
956418,White-breasted Waterhen,Amaurornis phoenicurus,B,other,,,India
956419,White-breasted Waterhen,Amaurornis phoenicurus,B,other,,,India
956424,White-breasted Waterhen,Amaurornis phoenicurus,B,other,,,India
956426,White-breasted Waterhen,Amaurornis phoenicurus,B,other,,,India
956431,White-breasted Waterhen,Amaurornis phoenicurus,B,other,,,India
956433,White-breasted Waterhen,Amaurornis phoenicurus,B,other,,,India
956436,White-breasted Waterhen,Amaurornis phoenicurus,B,other,,,India
956438,White-breasted Waterhen,Amaurornis phoenicurus,B,other,,,India
956441,White-breasted Waterhen,Amaurornis phoenicurus,B,other,,,India
956442,White-breasted Waterhen,Amaurornis phoenicurus,B,other,,,India
956691,Large-tailed Nightjar,Caprimulgus macrurus,A,call,3.1426,101.3114,Malaysia
957165,Large-tailed Nightjar,Caprimulgus macrurus,A,song,3.1385,101.8227,Malaysia
957189,Large-tailed Nightjar,Caprimulgus macrurus,A,song,3.1385,101.8227,Malaysia
957231,White-throated Kingfisher,Halcyon smyrnensis,A,call,3.1385,101.8227,Malaysia
957377,Large-tailed Nightjar,Caprimulgus macrurus,B,other,1.2719,103.8192,Singapore
959674,Olive-backed Sunbird,Cinnyris jugularis,C,call,14.7765,120.3102,Philippines
959979,Large-tailed Nightjar,Caprimulgus macrurus,B,song,14.0722,100.6056,Thailand
962771,Coppersmith Barbet,Psilopogon haemacephalus,B,song,13.7295,100.5587,Thailand
962815,Common Iora,Aegithina tiphia,B,call,13.7768,100.321,Thailand
962818,Coppersmith Barbet,Psilopogon haemacephalus,A,song,13.7768,100.321,Thailand
962853,Coppersmith Barbet,Psilopogon haemacephalus,B,song,13.7137,100.5217,Thailand
963368,Asian Koel,Eudynamys scolopaceus,A,song,13.7137,100.5217,Thailand
963788,Olive-backed Sunbird,Cinnyris jugularis,A,call,9.1842,124.7173,Philippines
963858,Asian Koel,Eudynamys scolopaceus,A,call,8.1786,126.2364,Philippines
963859,Asian Koel,Eudynamys scolopaceus,A,song,8.1786,126.2364,Philippines
963967,Large-tailed Nightjar,Caprimulgus macrurus,B,song,1.2954,103.814,Singapore
963968,Large-tailed Nightjar,Caprimulgus macrurus,B,other,1.354,103.7496,Singapore
964127,Coppersmith Barbet,Psilopogon haemacephalus,A,song,7.4346,126.1675,Philippines
964318,Collared Kingfisher,Todiramphus chloris,A,call,7.0301,125.3987,Philippines
96538,Common Iora,Aegithina tiphia,B,song,4.472,101.0273,Malaysia
96539,Common Iora,Aegithina tiphia,B,song,4.472,101.0273,Malaysia
96542,Common Iora,Aegithina tiphia,B,song,4.472,101.0273,Malaysia
971698,Coppersmith Barbet,Psilopogon haemacephalus,B,call,24.4562,98.5675,China
973481,Large-tailed Nightjar,Caprimulgus macrurus,A,song,14.4343,105.2522,Thailand
976113,Large-tailed Nightjar,Caprimulgus macrurus,B,song,14.4343,105.2522,Thailand
977990,Collared Kingfisher,Todiramphus chloris,A,call,13.4875,100.3356,Thailand
977991,Collared Kingfisher,Todiramphus chloris,A,call,13.4875,100.3356,Thailand
978467,Collared Kingfisher,Todiramphus chloris,A,call,1.4464,103.7234,Singapore
978470,White-throated Kingfisher,Halcyon smyrnensis,A,call,1.3138,103.8159,Singapore
978648,Spotted Dove,Spilopelia chinensis,A,song,29.5619,119.1266,China
97965,Large-tailed Nightjar,Caprimulgus macrurus,B,song,12.146,106.916,Cambodia
980502,White-throated Kingfisher,Halcyon smyrnensis,A,call,27.1771,77.5051,India
982016,White-breasted Waterhen,Amaurornis phoenicurus,A,other,16.5062,80.648,India
983625,Common Iora,Aegithina tiphia,A,song,13.9324,104.6624,Cambodia
983831,Asian Koel,Eudynamys scolopaceus,A,other,16.5062,80.648,India
984006,White-breasted Waterhen,Amaurornis phoenicurus,A,call,,,India
984319,Large-tailed Nightjar,Caprimulgus macrurus,B,song,10.5477,119.5166,Philippines
986141,Asian Koel,Eudynamys scolopaceus,A,song,22.5128,113.9499,China
986143,White-throated Kingfisher,Halcyon smyrnensis,A,song,22.5648,114.5055,China
986323,Common Iora,Aegithina tiphia,B,other,16.5062,80.648,India
986408,White-breasted Waterhen,Amaurornis phoenicurus,A,call,1.2954,103.814,Singapore
986635,Olive-backed Sunbird,Cinnyris jugularis,C,call,9.7994,118.6938,Philippines
986751,Common Tailorbird,Orthotomus sutorius,C,call,,,China
987139,Coppersmith Barbet,Psilopogon haemacephalus,C,call,13.7287,100.5542,Thailand
987391,White-throated Kingfisher,Halcyon smyrnensis,A,call,11.7975,92.7177,India
987393,White-breasted Waterhen,Amaurornis phoenicurus,B,call,11.7975,92.7177,India
987413,Common Tailorbird,Orthotomus sutorius,B,other,16.6177,80.643,India
987419,White-throated Kingfisher,Halcyon smyrnensis,A,other,16.6177,80.643,India
987636,Common Tailorbird,Orthotomus sutorius,B,song,11.917,108.3673,Vietnam
987638,Common Tailorbird,Orthotomus sutorius,B,song,22.6067,113.8722,China
988109,Large-tailed Nightjar,Caprimulgus macrurus,B,song,1.2954,103.814,Singapore
989503,Large-tailed Nightjar,Caprimulgus macrurus,B,song,1.3155,103.8157,Singapore
991421,Olive-backed Sunbird,Cinnyris jugularis,A,call,13.9324,104.6624,Cambodia
991443,White-breasted Waterhen,Amaurornis phoenicurus,A,song,13.935,104.9311,Cambodia
991849,White-throated Kingfisher,Halcyon smyrnensis,A,call,11.7975,92.7177,India
992533,Common Tailorbird,Orthotomus sutorius,C,call,22.5654,114.0834,China
993640,Asian Koel,Eudynamys scolopaceus,A,other,,,China
994391,Spotted Dove,Spilopelia chinensis,A,other,,,China
995636,Asian Koel,Eudynamys scolopaceus,A,call,24.1482,92.0316,India
996617,White-breasted Waterhen,Amaurornis phoenicurus,A,other,23.8425,121.5073,Taiwan
998789,Common Tailorbird,Orthotomus sutorius,B,call,-7.9235,110.1971,Indonesia
999426,Common Iora,Aegithina tiphia,B,other,16.6177,80.643,India
999942,Spotted Dove,Spilopelia chinensis,A,call,31.1462,121.4462,China
